发病部位,疾病名称,证型名称,病机要点,辨证要点,临床表现,治法,代表方剂,发病概率,治疗难度
肺系,感冒,风寒束表证,风寒外束，卫阳被郁，腠理闭塞，肺气不宣,恶寒重，发热轻，无汗，头痛，舌苔薄白，脉浮紧,恶寒重，发热轻，无汗，头痛，肢节酸疼，鼻塞声重，或鼻痒喷嚏，时流清涕，咽痒，咳嗽，咳痰稀薄色白，口不渴或渴喜热饮，舌苔薄白而润，脉浮或浮紧,辛温解表,荆防败毒散,常见,一般
肺系,感冒,风热犯表证,风热犯表，热郁肌腠，卫表失和，肺失清肃,身热较著，微恶风，汗泄不畅，咽干，舌苔薄白微黄，脉浮数,身热较著，微恶风，汗泄不畅，咽干甚则咽痛，鼻塞，流黄稠涕，头胀痛，咳嗽，痰黏或黄，口干欲饮，舌苔薄白微黄，舌边尖红，脉浮数,辛凉解表,银翘散,常见,一般
肺系,感冒,暑湿伤表证,暑湿伤表，表卫不和，肺气不清,身热，微恶风，汗少，肢体酸重，头昏重胀痛，舌苔薄黄而腻，脉濡数,身热，微恶风，汗少，肢体酸重或疼痛，头昏重胀痛，咳嗽痰黏，鼻流浊涕，心烦口渴，或口中黏腻，胸闷脘痞，腹胀大便，小便短赤，舌苔薄黄而腻，脉濡数,清暑祛湿解表,新加香薷饮,少见,一般
肺系,感冒,气虚感冒证,气虚卫弱，风寒乘袭，气虚无力达邪,恶寒较甚，发热，无汗，身楚倦怠，咳嗽，咳痰无力，脉浮而无力,恶寒较甚，发热，无汗，身楚倦怠，咳嗽，咳痰无力，平素神疲体弱，气短懒言，反复易感，舌淡苔白，脉浮而无力,益气解表,参苏饮,少见,较难
肺系,感冒,阴虚感冒证,阴亏津少，外受风热，表卫失和，津液不能作汗,身热，微恶风寒，少汗，干咳少痰，舌红少苔，脉细数,身热，微恶风寒，少汗，头昏，心烦，口干，干咳少痰，舌红少苔，脉细数,滋阴解表,葳蕤汤,罕见,较难
肺系,咳嗽,风寒袭肺证,风寒袭肺，肺气失宣,咳嗽声重，气急，咽痒，咳痰稀薄色白，舌苔薄白，脉浮或浮紧,咳嗽声重，气急，咽痒，咳痰稀薄色白，常伴鼻塞，流清涕，头痛，肢体酸楚，恶寒，发热，无汗等表证，舌苔薄白，脉浮或浮紧,疏风散寒，宣肺止咳,三拗汤合止嗽散,常见,一般
肺系,咳嗽,风热犯肺证,风热犯肺，肺失清肃,咳嗽频剧，气粗或咳声嘶哑，喉燥咽痛，咳痰不爽，痰黏稠或黄，舌苔薄黄，脉浮数或浮滑,咳嗽频剧，气粗或咳声嘶哑，喉燥咽痛，咳痰不爽，痰黏稠或黄，咳时汗出，常伴鼻流黄涕，口渴，头痛，身楚，恶风，身热等表证，舌苔薄黄，脉浮数或浮滑,疏风清热，宣肺止咳,桑菊饮,常见,一般
肺系,咳嗽,风燥伤肺证,风燥伤肺，肺失清润,干咳，连声作呛，喉痒，唇鼻干燥，无痰或痰少而黏，不易咯出，舌苔薄白或薄黄，质红，干而少津，脉浮数或浮细数,干咳，连声作呛，喉痒，咽喉干痛，唇鼻干燥，无痰或痰少而黏，不易咯出，或痰中带有血丝，口干，初起或伴鼻塞，头痛，微寒，身热等表证，舌苔薄白或薄黄，质红，干而少津，脉浮数或浮细数,疏风清肺，润燥止咳,桑杏汤,少见,一般
肺系,咳嗽,痰湿蕴肺证,脾湿生痰，上渍于肺，壅遏肺气,咳嗽反复发作，咳声重浊，痰多，因痰而嗽，痰出咳平，痰黏腻或稠厚成块，色白或带灰色，舌苔白腻，脉濡滑,咳嗽反复发作，咳声重浊，痰多，因痰而嗽，痰出咳平，痰黏腻或稠厚成块，色白或带灰色，每于早晨或食后则咳甚痰多，进甘甜油腻食物加重，胸闷，脘痞，呕恶，食少，体倦，大便时溏，舌苔白腻，脉象濡滑,燥湿化痰，理气止咳,二陈平胃散合三子养亲汤,常见,较难
肺系,咳嗽,痰热郁肺证,痰热壅肺，肺失肃降,咳嗽，气息粗促，或喉中有痰声，痰多质黏厚或稠黄，咯吐不爽，舌质红，舌苔薄黄腻，脉滑数,咳嗽，气息粗促，或喉中有痰声，痰多质黏厚或稠黄，咯吐不爽，或有热腥味，或吐血痰，胸胁胀满，咳时引痛，面赤，或有身热，口干而黏，欲饮水，舌质红，舌苔薄黄腻，脉滑数,清热肃肺，豁痰止咳,清金化痰汤,常见,较难
肺系,咳嗽,肝火犯肺证,肝郁化火，上逆侮肺,上气咳逆阵作，咳时面赤，咽干口苦，痰少质黏，胸胁胀痛，舌红或舌边红，舌苔薄黄少津，脉弦数,上气咳逆阵作，咳时面赤，咽干口苦，常感痰滞咽喉而咯之难出，量少质黏，或如絮条，胸胁胀痛，咳时引痛，症状可随情绪波动而增减，舌红或舌边红，舌苔薄黄少津，脉弦数,清肺泻肝，顺气降火,黛蛤散合黄芩泻白散,少见,较难
肺系,咳嗽,肺阴亏耗证,肺阴亏虚，虚热内灼，肺失润降,干咳，咳声短促，痰少黏白，或痰中带血丝，或声音逐渐嘶哑，舌红少苔，脉细数,干咳，咳声短促，痰少黏白，或痰中带血丝，或声音逐渐嘶哑，口干咽燥，或午后潮热，颧红，盗汗，日渐消瘦，神疲，舌质红少苔，脉细数,滋阴润肺，化痰止咳,沙参麦冬汤,少见,极难
肺系,哮病,冷哮证,寒痰伏肺，遇感触发，痰升气阻，肺失宣畅,喉中哮鸣如水鸡声，呼吸急促，喘憋气逆，痰少咯吐不爽，色白而多泡沫，舌苔白滑，脉弦紧或浮紧,喉中哮鸣如水鸡声，呼吸急促，喘憋气逆，胸膈满闷如塞，咳不甚，痰少咯吐不爽，色白而多泡沫，口不渴或渴喜热饮，形寒怕冷，天冷或受寒易发，面色青晦，舌苔白滑，脉弦紧或浮紧,宣肺散寒，化痰平喘,射干麻黄汤,常见,较难
肺系,哮病,热哮证,痰热蕴肺，壅阻气道，肺失清肃,喉中痰鸣如吼，喘而气粗息涌，痰色黄或白，黏浊稠厚，排吐不利，舌苔黄腻，质红，脉滑数或弦滑,喉中痰鸣如吼，喘而气粗息涌，胸高胁胀，咳呛阵作，痰色黄或白，黏浊稠厚，排吐不利，口苦，口渴喜饮，汗出，面赤，或有身热，甚至有好发于夏季者，舌苔黄腻，质红，脉滑数或弦滑,清热宣肺，化痰定喘,定喘汤,常见,较难
肺系,哮病,寒包热哮证,痰热内蕴，风寒外束，肺失宣降,喉中哮鸣有声，胸膈烦闷，呼吸急促，喘咳气逆，咳痰不爽，痰黏色黄，或黄白相兼，烦躁，发热，恶寒，无汗，身痛，口干欲饮，舌苔白腻，舌尖边红，脉弦紧,喉中哮鸣有声，胸膈烦闷，呼吸急促，喘咳气逆，咳痰不爽，痰黏色黄，或黄白相兼，烦躁，发热，恶寒，无汗，身痛，口干欲饮，舌苔白腻，舌尖边红，脉弦紧,解表散寒，清化痰热,小青龙加石膏汤,少见,较难
肺系,哮病,风痰哮证,痰浊伏肺，风邪引触，肺气郁闭，升降失司,喉中痰涎壅盛，声如拽锯，或鸣声如吹哨笛，喘急胸满，但坐不得卧，咳痰黏腻难出，或为白色泡沫痰液，舌苔厚浊，脉滑实,喉中痰涎壅盛，声如拽锯，或鸣声如吹哨笛，喘急胸满，但坐不得卧，咳痰黏腻难出，或为白色泡沫痰液，无明显寒热倾向，面色青黯，起病多急，常倏忽来去，发前自觉鼻、咽、眼、耳发痒，喷嚏，鼻塞，流涕，胸部憋塞，随之迅即发作，舌苔厚浊，脉滑实,祛风涤痰，降气平喘,三子养亲汤,少见,极难
肺系,哮病,虚哮证,哮病久发，痰气瘀阻，肺肾两虚，摄纳失常,喉中哮鸣如鼾，声低，气短息促，动则喘甚，发作频繁，甚则持续喘哮，口唇爪甲青紫，咳痰无力，痰涎清稀，舌质淡，脉沉细弱,喉中哮鸣如鼾，声低，气短息促，动则喘甚，发作频繁，甚则持续喘哮，口唇爪甲青紫，咳痰无力，痰涎清稀，面色苍白或颧红唇紫，口不渴或咽干口渴，形寒肢冷或烦热，舌质淡或偏红，脉沉细弱,补肺纳肾，降气化痰,平喘固本汤,罕见,极难
肺系,哮病,肺脾气虚证,哮病日久，肺虚不能主气，脾虚健运无权，气不化津，痰饮蕴肺，肺气上逆,气短声低，自汗怕风，易感冒，倦怠无力，食少便溏，舌质淡，苔白，脉细弱,气短声低，喉中时有轻度哮鸣，痰多质稀，色白，自汗，怕风，常易感冒，倦怠无力，食少便溏，舌质淡，苔白，脉细弱,健脾益气，补土生金,六君子汤,少见,极难
肺系,哮病,肺肾两虚证,哮病久发，精气亏乏，肺肾摄纳失常，气不归元，津凝为痰,短气息促，动则为甚，吸气不利，咳痰质黏起沫，腰酸腿软，心慌，不耐劳累，或五心烦热，颧红，口干，舌红少苔，脉细数；或畏寒肢冷，面色苍白，舌淡苔白，脉沉细,短气息促，动则为甚，吸气不利，咳痰质黏起沫，腰酸腿软，心慌，不耐劳累，或五心烦热，颧红，口干，舌红少苔，脉细数；或畏寒肢冷，面色苍白，舌淡苔白，脉沉细,补肺益肾,生脉地黄汤合金水六君煎,罕见,极难
肺系,喘证,风寒壅肺证,风寒上受，内舍于肺，邪实气壅，肺气不宣,喘息咳逆，呼吸急促，胸部胀闷，痰多稀薄而带泡沫，色白质黏，舌苔薄白而滑，脉浮紧,喘息咳逆，呼吸急促，胸部胀闷，痰多稀薄而带泡沫，色白质黏，常有头痛，恶寒，或有发热，口不渴，无汗，舌苔薄白而滑，脉浮紧,宣肺散寒,麻黄汤合华盖散,常见,一般
肺系,喘证,表寒肺热证,寒邪束表，热郁于肺，肺气上逆,喘逆上气，胸胀或痛，息粗，鼻扇，咳而不爽，吐痰稠黏，伴形寒，身热，烦闷，身痛，有汗或无汗，口渴，苔薄白或黄，舌边红，脉浮数或滑,喘逆上气，胸胀或痛，息粗，鼻扇，咳而不爽，吐痰稠黏，伴形寒，身热，烦闷，身痛，有汗或无汗，口渴，苔薄白或黄，舌边红，脉浮数或滑,解表清里，化痰平喘,麻杏石甘汤,常见,较难
肺系,喘证,痰热郁肺证,邪热蕴肺，蒸液成痰，痰热壅滞，肺失清肃,喘咳气涌，胸部胀痛，痰多质黏色黄，或夹有血色，伴胸中烦闷，身热，有汗，口渴而喜冷饮，舌质红，舌苔黄腻，脉滑数,喘咳气涌，胸部胀痛，痰多质黏色黄，或夹有血色，伴胸中烦闷，身热，有汗，口渴而喜冷饮，面赤，咽干，小便赤涩，大便或秘，舌质红，舌苔黄腻，脉滑数,清热化痰，宣肺平喘,桑白皮汤,常见,较难
肺系,喘证,痰浊阻肺证,中阳不运，积湿生痰，痰浊壅肺，肺失肃降,喘而胸满闷塞，甚则胸盈仰息，咳嗽，痰多黏腻色白，咯吐不利，兼有呕恶，食少，口黏不渴，舌苔白腻，脉滑,喘而胸满闷塞，甚则胸盈仰息，咳嗽，痰多黏腻色白，咯吐不利，兼有呕恶，食少，口黏不渴，舌苔白腻，脉滑,祛痰降逆，宣肺平喘,二陈汤合三子养亲汤,少见,较难
肺系,喘证,肺气郁痹证,肝气郁结，上逆犯肺，肺失宣降,喘促气憋，胸闷如窒，息粗气憋，胸闷胸痛，咽中如窒，每遇情志刺激而诱发，苔薄，脉弦,喘促气憋，胸闷如窒，息粗气憋，胸闷胸痛，咽中如窒，或失眠，心悸，或无痰，或痰少而黏，不易咯出，每遇情志刺激而诱发，发时突然，平素如常人，苔薄，脉弦,开郁降气平喘,五磨饮子,少见,较难
肺系,喘证,肺气虚耗证,肺气亏虚，气失所主，或肺阴亦虚，虚火上炎，肺失清肃,喘促短气，气怯声低，喉有鼾声，咳声低弱，痰吐稀薄，自汗畏风，舌质淡红，脉软弱,喘促短气，气怯声低，喉有鼾声，咳声低弱，痰吐稀薄，自汗畏风，或咳呛，痰少质黏，烦热口干，咽喉不利，面颧潮红，舌质淡红或有苔剥，脉软弱或细数,补肺益气养阴,生脉散合补肺汤,少见,极难
肺系,喘证,肾虚不纳证,肺病及肾，肺肾俱虚，气失摄纳,喘促日久，动则喘甚，呼多吸少，气不得续，形瘦神疲，汗出肢冷，面唇青紫，舌淡苔白，脉沉弱,喘促日久，动则喘甚，呼多吸少，气不得续，形瘦神疲，跗肿，汗出肢冷，面唇青紫，舌淡苔白，脉沉弱，或见喘咳，面红烦躁，口咽干燥，足冷，汗出如油，舌红少津，脉细数,补肾纳气,金匮肾气丸合参蛤散,罕见,极难
肺系,喘证,正虚喘脱证,肺气欲绝，心肾阳衰,喘逆剧甚，张口抬肩，鼻扇气促，端坐不能平卧，稍动则咳喘欲绝，或有痰鸣，心慌动悸，烦躁不安，面青唇紫，汗出如珠，脉浮大无根,喘逆剧甚，张口抬肩，鼻扇气促，端坐不能平卧，稍动则咳喘欲绝，或有痰鸣，心慌动悸，烦躁不安，面青唇紫，汗出如珠，脉浮大无根，或见歇止，或模糊不清,扶阳固脱，镇摄肾气,参附汤送服黑锡丹，配合蛤蚧粉,罕见,绝症
肺系,肺痈,初期,风热外袭，卫表不和，邪热壅肺，肺失清肃,恶寒发热，咳嗽，咳白色黏痰，痰量日渐增多，胸痛，咳则痛甚，舌苔薄黄，脉浮数而滑,恶寒发热，咳嗽，咳白色黏痰，痰量日渐增多，胸痛，咳则痛甚，呼吸不利，口干鼻燥，舌苔薄黄，脉浮数而滑,疏风散热，清肺化痰,银翘散,少见,一般
肺系,肺痈,成痈期,热毒蕴肺，蒸液成痰，热壅血瘀，蕴酿成痈,身热转甚，时时振寒，继则壮热，汗出烦躁，咳嗽气急，胸满作痛，转侧不利，咳吐浊痰，呈黄绿色，自觉喉间有腥味，舌苔黄腻，脉滑数,身热转甚，时时振寒，继则壮热，汗出烦躁，咳嗽气急，胸满作痛，转侧不利，咳吐浊痰，呈黄绿色，自觉喉间有腥味，口干咽燥，舌苔黄腻，脉滑数,清肺解毒，化瘀消痈,千金苇茎汤合如金解毒散,少见,较难
肺系,肺痈,溃脓期,热壅血瘀，血败肉腐，痈肿内溃，脓液外泄,咳吐大量脓痰，或如米粥，或痰血相兼，腥臭异常，胸中烦满而痛，甚则气喘不能卧，舌苔黄腻，脉滑数,咳吐大量脓痰，或如米粥，或痰血相兼，腥臭异常，胸中烦满而痛，甚则气喘不能卧，身热面赤，烦渴喜饮，舌苔黄腻，脉滑数,排脓解毒,加味桔梗汤,罕见,极难
肺系,肺痈,恢复期,邪毒渐尽，热势渐退，肺体损伤，阴伤气耗,身热渐退，咳嗽减轻，脓痰渐少，臭味亦淡，痰液转为清稀，精神渐振，食纳好转，舌质红或淡红，苔薄，脉细或细数,身热渐退，咳嗽减轻，脓痰渐少，臭味亦淡，痰液转为清稀，精神渐振，食纳好转，或有胸胁隐痛，难以久卧，气短，自汗，盗汗，低热，午后潮热，心烦，口干咽燥，面色不华，形体消瘦，舌质红或淡红，苔薄，脉细或细数,清养补肺,沙参清肺汤或桔梗杏仁煎,罕见,极难
肺系,肺痨,肺阴亏损证,阴虚肺燥，肺失滋润，肺伤络损,干咳，咳声短促，或咯少量黏痰，或痰中带有血丝，色鲜红，胸部隐隐闷痛，午后自觉手足心热，或见少量盗汗，舌边尖红，苔薄白，脉细数,干咳，咳声短促，或咯少量黏痰，或痰中带有血丝，色鲜红，胸部隐隐闷痛，午后自觉手足心热，或见少量盗汗，皮肤干灼，口干咽燥，疲倦乏力，纳食不香，舌边尖红，苔薄白，脉细数,滋阴润肺,月华丸,少见,较难
肺系,肺痨,虚火灼肺证,肺肾阴伤，水亏火旺，燥热内灼，络损血溢,呛咳气急，痰少质黏，或吐痰黄稠量多，时时咯血，血色鲜红，午后潮热，五心烦热，颧红，盗汗，舌红而干，苔薄黄，脉细数,呛咳气急，痰少质黏，或吐痰黄稠量多，时时咯血，血色鲜红，混有泡沫痰涎，午后潮热，五心烦热，骨蒸，两颧潮红，盗汗量多，口渴心烦，失眠，性情急躁易怒，或胸胁掣痛，男子可见遗精，女子月经不调，形体日益消瘦，舌干而红，苔薄黄而剥，脉细数,滋阴降火,百合固金汤合秦艽鳖甲散,罕见,极难
肺系,肺痨,气阴耗伤证,阴伤气耗，肺脾两虚，肺气不清，脾虚不健,咳嗽无力，气短声低，咳痰清稀色白，量较多，偶或夹血，或咯血，血色淡红，午后潮热，伴有畏风，怕冷，自汗与盗汗可并见，舌质淡，边有齿印，苔薄，脉细弱而数,咳嗽无力，气短声低，咳痰清稀色白，量较多，偶或夹血，或咯血，血色淡红，午后潮热，伴有畏风，怕冷，自汗与盗汗可并见，纳少神疲，便溏，面色?白，颧红，舌质淡，边有齿印，苔薄，脉细弱而数,益气养阴,保真汤或参苓白术散,罕见,极难
肺系,肺痨,阴阳两虚证,阴损及阳，精气虚竭，肺脾肾三脏俱损,咳逆喘息，少气，咳痰色白有沫，或夹血丝，血色暗淡，潮热，自汗，盗汗，声嘶，面浮肢肿，舌光质淡，少苔，脉微细而数,咳逆喘息，少气，咳痰色白有沫，或夹血丝，血色暗淡，潮热，自汗，盗汗，声嘶，面浮肢肿，心慌，唇紫，肢冷，形寒，或见五更泄泻，口舌生糜，大肉尽脱，男子遗精，女子经闭，苔黄而剥，舌质光淡，隐见紫斑，脉微细而数,滋阴补阳,补天大造丸,罕见,绝症
肺系,肺胀,痰浊壅肺证,肺虚脾弱，痰浊内生，上逆干肺，肺失宣降,胸膺满闷，短气喘息，稍劳即著，咳嗽痰多，色白黏腻或呈泡沫，畏风易汗，脘痞纳少，倦怠乏力，舌暗，苔薄腻或浊腻，脉小滑,胸膺满闷，短气喘息，稍劳即著，咳嗽痰多，色白黏腻或呈泡沫，畏风易汗，脘痞纳少，倦怠乏力，舌暗，苔薄腻或浊腻，脉小滑,化痰降气，健脾益肺,苏子降气汤合三子养亲汤,常见,一般
肺系,肺胀,痰热郁肺证,痰热壅肺，清肃失司，肺气上逆,咳逆，喘息气粗，胸满，烦躁，目胀睛突，痰黄或白，黏稠难咯，或伴身热，微恶寒，有汗不多，舌边尖红，苔黄或黄腻，脉数或滑数,咳逆，喘息气粗，胸满，烦躁，目胀睛突，痰黄或白，黏稠难咯，或伴身热，微恶寒，有汗不多，口渴欲饮，尿赤，便干，舌边尖红，苔黄或黄腻，脉数或滑数,清肺化痰，降逆平喘,越婢加半夏汤或桑白皮汤,常见,较难
肺系,肺胀,痰蒙神窍证,痰蒙神窍，引动肝风,神志恍惚，表情淡漠，谵妄，烦躁不安，嗜睡，甚则昏迷，或伴肢体瞤动，抽搐，舌质暗红或淡紫，苔白腻或黄腻，脉细滑数,神志恍惚，表情淡漠，谵妄，烦躁不安，嗜睡，甚则昏迷，或伴肢体瞤动，抽搐，咳逆喘促，咳痰不爽，苔白腻或黄腻，脉细滑数,涤痰，开窍，息风,涤痰汤,少见,极难
肺系,肺胀,阳虚水泛证,心肾阳虚，水饮内停,心悸，喘咳，咯痰清稀，面浮，下肢肿，甚则一身悉肿，腹部胀满有水，脘痞，纳差，尿少，怕冷，面唇青紫，舌胖质暗，苔白滑，脉沉细,心悸，喘咳，咯痰清稀，面浮，下肢肿，甚则一身悉肿，腹部胀满有水，脘痞，纳差，尿少，怕冷，面唇青紫，苔白滑，脉沉细,温肾健脾，化饮利水,真武汤合五苓散,少见,极难
肺系,肺胀,肺肾气虚证,肺肾两虚，气失摄纳,呼吸浅短难续，声低气怯，甚则张口抬肩，倚息不能平卧，咳嗽，痰白如沫，咯吐不利，胸闷，心慌，形寒，汗出，舌淡或紫暗，脉沉细无力,呼吸浅短难续，声低气怯，甚则张口抬肩，倚息不能平卧，咳嗽，痰白如沫，咯吐不利，胸闷，心慌，形寒，汗出，腰膝酸软，小便清长，或尿有余沥，舌淡或紫暗，脉沉细无力,补肺益肾，降气平喘,平喘固本汤,少见,极难
心系,心悸,心虚胆怯证,气血亏损，心虚胆怯，心神失养，神摇不安,心悸不宁，善惊易恐，坐卧不安，少寐多梦而易惊醒，恶闻声响，食少纳呆，苔薄白，脉细略数或细弦,心悸不宁，善惊易恐，坐卧不安，少寐多梦而易惊醒，恶闻声响，食少纳呆，苔薄白，脉细略数或细弦,镇惊定志，养心安神,安神定志丸,常见,一般
心系,心悸,心血不足证,心血亏虚，心失所养,心悸气短，头晕目眩，失眠健忘，面色无华，倦怠乏力，纳呆食少，舌淡红，脉细弱,心悸气短，头晕目眩，失眠健忘，面色无华，倦怠乏力，纳呆食少，舌淡红，脉细弱,补血养心，益气安神,归脾汤,常见,一般
心系,心悸,阴虚火旺证,肝肾阴虚，水不济火，心火内动，扰动心神,心悸易惊，心烦失眠，五心烦热，口干，盗汗，思虑劳心则症状加重，伴耳鸣腰酸，头晕目眩，舌红少津，苔少或无，脉象细数,心悸易惊，心烦失眠，五心烦热，口干，盗汗，思虑劳心则症状加重，伴耳鸣腰酸，头晕目眩，舌红少津，苔少或无，脉象细数,滋阴清火，养心安神,天王补心丹合朱砂安神丸,常见,较难
心系,心悸,心阳不振证,心阳虚衰，无以温养心神,心悸不安，胸闷气短，动则尤甚，面色苍白，形寒肢冷，舌淡苔白，脉象虚弱或沉细无力,心悸不安，胸闷气短，动则尤甚，面色苍白，形寒肢冷，舌淡苔白，脉象虚弱或沉细无力,温补心阳，安神定悸,桂枝甘草龙骨牡蛎汤合参附汤,少见,较难
心系,心悸,水饮凌心证,脾肾阳虚，水饮内停，上凌于心，扰乱心神,心悸，胸闷痞满，渴不欲饮，小便短少，或下肢浮肿，形寒肢冷，伴恶心，欲吐，流涎，舌淡胖，苔白滑，脉象弦滑或沉细而滑,心悸，胸闷痞满，渴不欲饮，小便短少，或下肢浮肿，形寒肢冷，伴恶心，欲吐，流涎，舌淡胖，苔白滑，脉象弦滑或沉细而滑,振奋心阳，化气行水，宁心安神,苓桂术甘汤,少见,较难
心系,心悸,瘀阻心脉证,血瘀气滞，心脉瘀阻，心阳被遏，心失所养,心悸，胸闷不适，心痛时作，痛如针刺，唇甲青紫，舌质紫暗或有瘀斑，脉涩或结或代,心悸，胸闷不适，心痛时作，痛如针刺，唇甲青紫，舌质紫暗或有瘀斑，脉涩或结或代,活血化瘀，理气通络,桃仁红花煎合桂枝甘草龙骨牡蛎汤,少见,极难
心系,心悸,痰火扰心证,痰浊停聚，郁久化火，痰火扰心，心神不安,心悸时发时止，受惊易作，胸闷烦躁，失眠多梦，口干苦，大便秘结，小便短赤，舌红，苔黄腻，脉弦滑,心悸时发时止，受惊易作，胸闷烦躁，失眠多梦，口干苦，大便秘结，小便短赤，舌红，苔黄腻，脉弦滑,清热化痰，宁心安神,黄连温胆汤,少见,较难
心系,胸痹,心血瘀阻证,血行瘀滞，胸阳痹阻，心脉不畅,心胸疼痛，如刺如绞，痛有定处，入夜为甚，甚则心痛彻背，背痛彻心，舌质紫暗，有瘀斑，苔薄，脉弦涩,心胸疼痛，如刺如绞，痛有定处，入夜为甚，甚则心痛彻背，背痛彻心，或痛引肩背，伴有胸闷，日久不愈，可因暴怒、劳累而加重，舌质紫暗，有瘀斑，苔薄，脉弦涩,活血化瘀，通脉止痛,血府逐瘀汤,常见,较难
心系,胸痹,气滞心胸证,肝失疏泄，气机郁滞，心脉不和,心胸满闷，隐痛阵发，痛有定处，时欲太息，遇情志不遂时容易诱发或加重，苔薄或薄腻，脉细弦,心胸满闷，隐痛阵发，痛有定处，时欲太息，遇情志不遂时容易诱发或加重，或兼有脘宇胀闷，得嗳气或矢气则舒，苔薄或薄腻，脉细弦,疏肝理气，活血通络,柴胡疏肝散,常见,一般
心系,胸痹,痰浊闭阻证,痰浊盘踞，胸阳失展，气机痹阻，脉络阻滞,胸闷重而心痛微，痰多气短，肢体沉重，形体肥胖，遇阴雨天而易发作或加重，苔浊腻，脉滑,胸闷重而心痛微，痰多气短，肢体沉重，形体肥胖，伴有倦怠乏力，纳呆便溏，咯吐痰涎，舌体胖大且边有齿痕，苔浊腻，脉滑,通阳泄浊，豁痰宣痹,瓜蒌薤白半夏汤合涤痰汤,常见,较难
心系,胸痹,寒凝心脉证,素体阳虚，阴寒凝滞，气血痹阻，心阳不振,猝然心痛如绞，心痛彻背，喘不得卧，多因气候骤冷或骤感风寒而发病或加重，苔薄白，脉沉紧或沉细,猝然心痛如绞，心痛彻背，喘不得卧，多因气候骤冷或骤感风寒而发病或加重，伴形寒，甚则手足不温，冷汗自出，胸闷气短，心悸，面色苍白，苔薄白，脉沉紧或沉细,辛温通阳，开痹散寒,枳实薤白桂枝汤合当归四逆汤,少见,较难
心系,胸痹,气阴两虚证,心气不足，阴血亏耗，血行瘀滞,心胸隐痛，时作时休，心悸气短，动则益甚，伴倦怠乏力，声息低微，面色?白，易汗出，舌质淡红，舌体胖且边有齿痕，苔薄白，脉虚细缓或结代,心胸隐痛，时作时休，心悸气短，动则益甚，伴倦怠乏力，声息低微，面色?白，易汗出，舌质淡红，舌体胖且边有齿痕，苔薄白，脉虚细缓或结代,益气养阴，活血通脉,生脉散合人参养荣汤,少见,较难
心系,胸痹,心肾阴虚证,水不济火，虚热内灼，心失所养，血脉不畅,心痛憋闷，心悸盗汗，虚烦不寐，腰酸膝软，头晕耳鸣，口干便秘，舌红少津，苔薄或剥，脉细数或促代,心痛憋闷，心悸盗汗，虚烦不寐，腰酸膝软，头晕耳鸣，口干便秘，舌红少津，苔薄或剥，脉细数或促代,滋阴清火，养心和络,天王补心丹合炙甘草汤,少见,极难
心系,胸痹,心肾阳虚证,阳气虚衰，胸阳不振，气机痹阻，血行瘀滞,心悸而痛，胸闷气短，动则更甚，自汗，面色?白，神倦怯寒，四肢欠温或肿胀，舌质淡胖，边有齿痕，苔白或腻，脉沉细迟,心悸而痛，胸闷气短，动则更甚，自汗，面色?白，神倦怯寒，四肢欠温或肿胀，舌质淡胖，边有齿痕，苔白或腻，脉沉细迟,温补阳气，振奋心阳,参附汤合右归饮,罕见,极难
心系,不寐,肝火扰心证,肝郁化火，上扰心神,不寐多梦，甚则彻夜不眠，急躁易怒，伴头晕头胀，目赤耳鸣，口干而苦，不思饮食，便秘溲赤，舌红苔黄，脉弦而数,不寐多梦，甚则彻夜不眠，急躁易怒，伴头晕头胀，目赤耳鸣，口干而苦，不思饮食，便秘溲赤，舌红苔黄，脉弦而数,疏肝泻火，镇心安神,龙胆泻肝汤,常见,一般
心系,不寐,痰热扰心证,湿食生痰，郁痰生热，扰动心神,心烦不寐，胸闷脘痞，泛恶嗳气，伴口苦，头重，目眩，舌偏红，苔黄腻，脉滑数,心烦不寐，胸闷脘痞，泛恶嗳气，伴口苦，头重，目眩，舌偏红，苔黄腻，脉滑数,清化痰热，和中安神,黄连温胆汤,常见,一般
心系,不寐,心脾两虚证,脾虚血亏，心神失养，神不安舍,不易入睡，多梦易醒，心悸健忘，神疲食少，伴头晕目眩，四肢倦怠，腹胀便溏，面色少华，舌淡苔薄，脉细无力,不易入睡，多梦易醒，心悸健忘，神疲食少，伴头晕目眩，四肢倦怠，腹胀便溏，面色少华，舌淡苔薄，脉细无力,补益心脾，养血安神,归脾汤,常见,一般
心系,不寐,心肾不交证,肾水亏虚，不能上济于心，心火炽盛，不能下交于肾,心烦不寐，入睡困难，心悸多梦，伴头晕耳鸣，腰膝酸软，潮热盗汗，五心烦热，咽干少津，男子遗精，女子月经不调，舌红少苔，脉细数,心烦不寐，入睡困难，心悸多梦，伴头晕耳鸣，腰膝酸软，潮热盗汗，五心烦热，咽干少津，男子遗精，女子月经不调，舌红少苔，脉细数,滋阴降火，交通心肾,六味地黄丸合交泰丸,少见,较难
心系,不寐,心胆气虚证,心胆虚怯，心神失养，神魂不安,虚烦不寐，触事易惊，终日惕惕，胆怯心悸，伴气短自汗，倦怠乏力，舌淡，脉弦细,虚烦不寐，触事易惊，终日惕惕，胆怯心悸，伴气短自汗，倦怠乏力，舌淡，脉弦细,益气镇惊，安神定志,安神定志丸合酸枣仁汤,少见,较难
脑系,头痛,风寒头痛,风寒外袭，上犯巅顶，凝滞经脉,头痛连及项背，常有拘急收紧感，或伴恶风畏寒，遇风尤剧，口不渴，苔薄白，脉浮紧,头痛连及项背，常有拘急收紧感，或伴恶风畏寒，遇风尤剧，口不渴，苔薄白，脉浮紧,疏散风寒止痛,川芎茶调散,常见,一般
脑系,头痛,风热头痛,风热外袭，上扰清空，窍络失和,头痛而胀，甚则头胀如裂，发热或恶风，面红目赤，舌尖红，苔薄黄，脉浮数,头痛而胀，甚则头胀如裂，发热或恶风，面红目赤，口渴喜饮，大便不畅，或便秘，溲赤，舌尖红，苔薄黄，脉浮数,疏风清热和络,芎芷石膏汤,常见,一般
脑系,头痛,风湿头痛,风湿之邪，上蒙头窍，困遏清阳,头痛如裹，肢体困重，胸闷纳呆，大便或溏，苔白腻，脉濡,头痛如裹，肢体困重，胸闷纳呆，大便或溏，苔白腻，脉濡,祛风胜湿通窍,羌活胜湿汤,常见,一般
脑系,头痛,肝阳头痛,肝失条达，气郁化火，阳亢风动,头昏胀痛，两侧为重，心烦易怒，夜寐不宁，口苦面红，舌红苔黄，脉弦或弦数,头昏胀痛，两侧为重，心烦易怒，夜寐不宁，口苦面红，或兼胁痛，舌红苔黄，脉弦或弦数,平肝潜阳，滋养肝肾,天麻钩藤饮,常见,较难
脑系,头痛,血虚头痛,气血不足，不能上荣，窍络失养,头痛隐隐，时时昏晕，心悸失眠，面色少华，神疲乏力，遇劳加重，舌质淡，苔薄白，脉细弱,头痛隐隐，时时昏晕，心悸失眠，面色少华，神疲乏力，遇劳加重，舌质淡，苔薄白，脉细弱,养血滋阴，和络止痛,加味四物汤,少见,较难
脑系,头痛,痰浊头痛,脾失健运，痰浊中阻，上蒙清窍，清阳不展,头痛昏蒙，胸脘满闷，纳呆呕恶，舌苔白腻，脉滑或弦滑,头痛昏蒙，胸脘满闷，纳呆呕恶，大便或溏，舌苔白腻，脉滑或弦滑,健脾燥湿，化痰降逆,半夏白术天麻汤,少见,较难
脑系,头痛,肾虚头痛,肾精亏虚，髓海不足，脑窍失荣,头痛且空，眩晕耳鸣，腰膝酸软，神疲乏力，滑精带下，舌红少苔，脉细无力,头痛且空，眩晕耳鸣，腰膝酸软，神疲乏力，滑精带下，舌红少苔，脉细无力,养阴补肾，填精生髓,大补元煎,罕见,极难
脑系,头痛,瘀血头痛,瘀血阻窍，络脉滞涩，不通则痛,头痛经久不愈，痛处固定不移，痛如锥刺，或有头部外伤史，舌紫暗，或有瘀斑、瘀点，苔薄白，脉细或细涩,头痛经久不愈，痛处固定不移，痛如锥刺，或有头部外伤史，舌紫暗，或有瘀斑、瘀点，苔薄白，脉细或细涩,活血化瘀，通窍止痛,通窍活血汤,少见,极难
脑系,眩晕,肝阳上亢证,肝阳风火，上扰清窍,眩晕，耳鸣，头目胀痛，口苦，失眠多梦，遇烦劳郁怒而加重，甚则仆倒，舌红苔黄，脉弦或数,眩晕，耳鸣，头目胀痛，口苦，失眠多梦，遇烦劳郁怒而加重，甚则仆倒，颜面潮红，急躁易怒，肢麻震颤，舌红苔黄，脉弦或数,平肝潜阳，滋养肝肾,天麻钩藤饮,常见,一般
脑系,眩晕,痰湿中阻证,痰浊中阻，上蒙清窍，清阳不升,眩晕，头重昏蒙，或伴视物旋转，胸闷恶心，呕吐痰涎，舌苔白腻，脉濡滑,眩晕，头重昏蒙，或伴视物旋转，胸闷恶心，呕吐痰涎，食少多寐，舌苔白腻，脉濡滑,化痰祛湿，健脾和胃,半夏白术天麻汤,常见,一般
脑系,眩晕,瘀血阻窍证,瘀血阻窍，气血不畅，脑失所养,眩晕，头痛，兼见健忘，失眠，心悸，精神不振，舌暗有瘀斑，脉涩或细,眩晕，头痛，兼见健忘，失眠，心悸，精神不振，耳鸣耳聋，面唇紫暗，舌暗有瘀斑，脉涩或细,祛瘀生新，活血通窍,通窍活血汤,少见,较难
脑系,眩晕,气血亏虚证,气血亏虚，清阳不展，脑失所养,眩晕动则加剧，劳累即发，面色?白，神疲乏力，倦怠懒言，唇甲不华，发色不泽，舌淡苔薄白，脉细弱,眩晕动则加剧，劳累即发，面色?白，神疲乏力，倦怠懒言，唇甲不华，发色不泽，心悸少寐，纳少腹胀，舌淡苔薄白，脉细弱,补益气血，调养心脾,归脾汤,常见,一般
脑系,眩晕,肾精不足证,肾精不足，髓海空虚，脑失所养,眩晕日久不愈，精神萎靡，腰酸膝软，少寐多梦，健忘，两目干涩，视力减退，舌红少苔，脉细数；或舌淡嫩，苔白，脉弱尺甚,眩晕日久不愈，精神萎靡，腰酸膝软，少寐多梦，健忘，两目干涩，视力减退，或遗精滑泄，耳鸣齿摇，或颧红咽干，五心烦热，舌红少苔，脉细数；或面色?白，形寒肢冷，舌淡嫩，苔白，脉弱尺甚,滋养肝肾，益精填髓,左归丸,少见,较难
脑系,中风,风痰入络证,脉络空虚，风痰乘虚入中，气血闭阻,肌肤不仁，手足麻木，突然发生口眼㖞斜，语言不利，口角流涎，舌强语謇，苔薄白，脉浮数,肌肤不仁，手足麻木，突然发生口眼㖞斜，语言不利，口角流涎，舌强语謇，甚则半身不遂，或兼见手足拘挛，关节酸痛等症，苔薄白，脉浮数,祛风化痰通络,真方白丸子,常见,较难
脑系,中风,风阳上扰证,肝火偏旺，阳亢化风，横窜络脉,平素头晕头痛，耳鸣目眩，突然发生口眼㖞斜，舌强语謇，舌质红，苔黄，脉弦,平素头晕头痛，耳鸣目眩，突然发生口眼㖞斜，舌强语謇，或手足重滞，甚则半身不遂等症，舌质红，苔黄，脉弦,平肝潜阳，活血通络,天麻钩藤饮,常见,较难
脑系,中风,阴虚风动证,肝肾阴虚，风阳内动，风痰瘀阻经络,平素头晕耳鸣，腰酸，突然发生口眼㖞斜，言语不利，手指瞤动，舌质红，苔腻，脉弦细数,平素头晕耳鸣，腰酸，突然发生口眼㖞斜，言语不利，手指瞤动，或有半身不遂，舌质红，苔腻，脉弦细数,滋阴潜阳，息风通络,镇肝息风汤,少见,较难
脑系,中风,痰热腑实证,痰热阻滞，风痰上扰，腑气不通,半身不遂，口眼㖞斜，言语謇涩或不语，偏身麻木，腹胀，便干便秘，舌质暗红，苔黄腻，脉弦滑,半身不遂，口眼㖞斜，言语謇涩或不语，偏身麻木，腹胀，便干便秘，头晕目眩，痰多而黏，舌质暗红，苔黄腻，脉弦滑,通腑泄热，息风化痰,桃仁承气汤,少见,极难
脑系,中风,痰热瘀阻证,痰热内盛，壅滞脉络，气血瘀阻,半身不遂，口眼㖞斜，言语謇涩，身热，痰多，舌质红，苔黄腻，脉滑数,半身不遂，口眼㖞斜，言语謇涩，身热，痰多，气粗，便秘，舌质红，苔黄腻，脉滑数,清热化痰，活血通络,星蒌承气汤,少见,极难
脑系,中风,痰湿蒙神证,痰湿偏盛，风夹痰湿，上蒙清窍，内闭经络,半身不遂，口眼㖞斜，言语不清或不语，偏身麻木，面色苍白，舌质暗淡，舌苔白腻，脉沉滑,半身不遂，口眼㖞斜，言语不清或不语，偏身麻木，面色苍白，瞳孔缩小，痰涎壅盛，四肢不温，静而不烦，舌质暗淡，舌苔白腻，脉沉滑,燥湿化痰，醒神开窍,涤痰汤,罕见,极难
脑系,中风,痰热内闭证,痰热内闭清窍，阳闭之证,起病急骤，神昏，半身不遂，鼻鼾痰鸣，项背身热，舌质红，苔黄腻，脉弦滑数,起病急骤，神昏，半身不遂，鼻鼾痰鸣，肢体强痉拘急，项背身热，躁扰不宁，甚则手足厥冷，频繁呕血，舌质红，苔黄腻，脉弦滑数,清热化痰，醒神开窍,羚羊角汤合安宫牛黄丸,罕见,绝症
脑系,中风,元气败脱证,元气衰微，阴阳欲绝,神昏，肢体瘫软，手撒肢冷，汗多，大小便自遗，舌痿，脉微欲绝,神昏，肢体瘫软，手撒肢冷，汗多，大小便自遗，面色苍白，呼吸微弱，舌痿，脉微欲绝,益气回阳，救阴固脱,参附汤合生脉散,罕见,绝症
脑系,中风,风痰瘀阻证,风痰阻络，气血运行不利，筋脉失养,口眼㖞斜，舌强语謇，肢体麻木，舌质暗紫，苔滑腻，脉弦滑,口眼㖞斜，舌强语謇，肢体麻木，半身不遂，舌质暗紫，苔滑腻，脉弦滑,搜风化痰，行瘀通络,解语丹,少见,较难
脑系,中风,气虚络瘀证,气虚血瘀，脉阻络痹,肢体偏枯不用，肢软无力，面色萎黄，舌质淡紫或有瘀斑，苔薄白，脉细涩或细弱,肢体偏枯不用，肢软无力，面色萎黄，舌质淡紫或有瘀斑，苔薄白，脉细涩或细弱,益气养血，化瘀通络,补阳还五汤,常见,较难
脑系,中风,肝肾亏虚证,肝肾亏虚，阴血不足，筋脉失养,半身不遂，患肢僵硬，拘挛变形，舌强不语，或偏瘫，肢体肌肉萎缩，舌红脉细，或舌淡红，脉沉细,半身不遂，患肢僵硬，拘挛变形，舌强不语，或偏瘫，肢体肌肉萎缩，舌红脉细，或舌淡红，脉沉细,滋养肝肾,左归丸合地黄饮子,少见,极难
脾胃系,胃痛,寒邪客胃证,寒凝胃脘，阳气被遏，气机阻滞,胃痛暴作，恶寒喜暖，得温则痛减，遇寒则痛增，口淡不渴，或喜热饮，舌淡苔薄白，脉弦紧,胃痛暴作，恶寒喜暖，得温则痛减，遇寒则痛增，口淡不渴，或喜热饮，舌淡苔薄白，脉弦紧,温胃散寒，行气止痛,香苏散合良附丸,常见,一般
脾胃系,胃痛,饮食伤胃证,饮食不节，食积胃脘，阻塞胃气,胃脘疼痛，胀满拒按，嗳腐吞酸，或呕吐不消化食物，其味腐臭，吐后痛减，不思饮食，大便不爽，得矢气及便后稍舒，舌苔厚腻，脉滑,胃脘疼痛，胀满拒按，嗳腐吞酸，或呕吐不消化食物，其味腐臭，吐后痛减，不思饮食，大便不爽，得矢气及便后稍舒，舌苔厚腻，脉滑,消食导滞，和胃止痛,保和丸,常见,一般
脾胃系,胃痛,肝气犯胃证,肝气郁结，横逆犯胃，胃气阻滞,胃脘胀痛，痛连两胁，遇烦恼则痛作或痛甚，嗳气、矢气则痛舒，舌苔多薄白，脉弦,胃脘胀痛，痛连两胁，遇烦恼则痛作或痛甚，嗳气、矢气则痛舒，胸闷嗳气，喜长叹息，大便不畅，舌苔多薄白，脉弦,疏肝解郁，理气止痛,柴胡疏肝散,常见,一般
脾胃系,胃痛,湿热中阻证,湿热蕴阻，胃气痞阻,胃脘疼痛，痛势急迫，脘闷灼热，口干口苦，舌红，苔黄腻，脉滑数,胃脘疼痛，痛势急迫，脘闷灼热，口干口苦，口渴而不欲饮，纳呆恶心，小便色黄，大便不畅，舌红，苔黄腻，脉滑数,清化湿热，理气和胃,清中汤,少见,较难
脾胃系,胃痛,瘀血停胃证,瘀停胃络，脉络壅滞,胃脘疼痛，如针刺，似刀割，痛有定处，按之痛甚，舌质紫暗或有瘀斑，脉涩,胃脘疼痛，如针刺，似刀割，痛有定处，按之痛甚，食后加剧，入夜尤甚，或见吐血黑便，舌质紫暗或有瘀斑，脉涩,化瘀通络，理气和胃,失笑散合丹参饮,少见,较难
脾胃系,胃痛,胃阴亏耗证,胃阴不足，胃失濡养,胃脘隐隐灼痛，似饥而不欲食，口干咽燥，大便干结，舌红少津，脉细数,胃脘隐隐灼痛，似饥而不欲食，口干咽燥，五心烦热，消瘦乏力，口渴思饮，大便干结，舌红少津，脉细数,养阴益胃，和中止痛,一贯煎合芍药甘草汤,少见,较难
脾胃系,胃痛,脾胃虚寒证,脾胃虚寒，失于温养,胃痛隐隐，绵绵不休，喜温喜按，空腹痛甚，得食则缓，劳累或食冷或受凉后疼痛发作或加重，舌淡苔白，脉虚弱或迟缓,胃痛隐隐，绵绵不休，喜温喜按，空腹痛甚，得食则缓，劳累或食冷或受凉后疼痛发作或加重，泛吐清水，食少，神疲乏力，手足不温，大便溏薄，舌淡苔白，脉虚弱或迟缓,温中健脾，和胃止痛,黄芪建中汤,常见,一般
脾胃系,痞满,饮食内停证,饮食停滞，胃腑失和，气机壅塞,脘腹痞闷而胀，进食尤甚，拒按，嗳腐吞酸，恶食呕逆，舌苔厚腻，脉滑,脘腹痞闷而胀，进食尤甚，拒按，嗳腐吞酸，恶食呕逆，或大便不调，矢气频作，味如败卵，舌苔厚腻，脉滑,消食导滞，和胃消痞,保和丸,常见,一般
脾胃系,痞满,痰湿中阻证,痰湿阻滞，脾失健运，气机不和,脘腹痞塞不舒，胸膈满闷，头晕目眩，身重困倦，舌苔白腻，脉沉滑,脘腹痞塞不舒，胸膈满闷，头晕目眩，身重困倦，呕恶纳呆，口淡不渴，小便不利，舌苔白腻，脉沉滑,燥湿化痰，理气和中,二陈汤合平胃散,常见,一般
脾胃系,痞满,湿热阻胃证,湿热内蕴，阻遏气机，脾胃失和,脘腹痞闷，或嘈杂不舒，恶心呕吐，口干不欲饮，舌红，苔黄腻，脉滑数,脘腹痞闷，或嘈杂不舒，恶心呕吐，口干不欲饮，口苦，纳少，大便不畅，舌红，苔黄腻，脉滑数,清热化湿，和胃消痞,泻心汤合连朴饮,少见,较难
脾胃系,痞满,肝胃不和证,肝气犯胃，胃气郁滞，失于和降,脘腹痞闷，胸胁胀满，心烦易怒，善太息，舌淡红，苔薄白，脉弦,脘腹痞闷，胸胁胀满，心烦易怒，善太息，呕恶嗳气，或吐苦水，大便不爽，舌淡红，苔薄白，脉弦,疏肝解郁，和胃消痞,越鞠丸合枳术丸,常见,一般
脾胃系,痞满,脾胃虚弱证,脾胃虚弱，健运失职，升降失司,脘腹满闷，时轻时重，纳呆便溏，神疲乏力，少气懒言，舌淡，苔薄白，脉细弱,脘腹满闷，时轻时重，纳呆便溏，神疲乏力，少气懒言，语声低微，面色萎黄，舌淡，苔薄白，脉细弱,补气健脾，升清降浊,补中益气汤,常见,一般
脾胃系,痞满,胃阴不足证,胃阴亏虚，胃失濡养，和降失司,脘腹痞闷，嘈杂，饥不欲食，恶心嗳气，舌红少苔，脉细数,脘腹痞闷，嘈杂，饥不欲食，恶心嗳气，口燥咽干，大便秘结，舌红少苔，脉细数,养阴益胃，调中消痞,益胃汤,少见,较难
脾胃系,呕吐,外邪犯胃证,外邪犯胃，中焦气滞，浊气上逆,突然呕吐，胸脘满闷，发热恶寒，头身疼痛，舌苔白腻，脉濡缓,突然呕吐，胸脘满闷，发热恶寒，头身疼痛，不思饮食，舌苔白腻，脉濡缓,疏邪解表，化浊和中,藿香正气散,常见,一般
脾胃系,呕吐,食滞内停证,食积内停，气机受阻，浊气上逆,呕吐酸腐，脘腹胀满，嗳气厌食，大便或溏或结，舌苔厚腻，脉滑实,呕吐酸腐，脘腹胀满，嗳气厌食，大便或溏或结，舌苔厚腻，脉滑实,消食化滞，和胃降逆,保和丸,常见,一般
脾胃系,呕吐,痰饮内阻证,痰饮内停，中阳不振，胃气上逆,呕吐清水痰涎，脘闷不食，头眩心悸，舌苔白腻，脉滑,呕吐清水痰涎，脘闷不食，头眩心悸，舌苔白腻，脉滑,温中化饮，和胃降逆,小半夏汤合苓桂术甘汤,少见,较难
脾胃系,呕吐,肝气犯胃证,肝气不舒，横逆犯胃，胃失和降,呕吐吞酸，嗳气频繁，胸胁胀痛，舌质红，苔薄腻，脉弦,呕吐吞酸，嗳气频繁，胸胁胀痛，舌质红，苔薄腻，脉弦,疏肝理气，和胃降逆,四七汤,常见,一般
脾胃系,呕吐,脾胃气虚证,脾胃气虚，纳运无力，胃虚气逆,食欲不振，食入难化，恶心呕吐，脘部痞闷，大便不畅，舌淡胖，苔薄，脉虚弦,食欲不振，食入难化，恶心呕吐，脘部痞闷，大便不畅，舌苔白滑，脉虚弦,健脾益气，和胃降逆,香砂六君子汤,常见,一般
脾胃系,呕吐,脾胃阳虚证,脾胃虚寒，失于温煦，运化失职,饮食稍多即吐，时作时止，面色?白，倦怠乏力，喜暖恶寒，舌淡，脉濡弱,饮食稍多即吐，时作时止，面色?白，倦怠乏力，喜暖恶寒，四肢不温，口干而不欲饮，大便溏薄，舌淡，脉濡弱,温中健脾，和胃降逆,理中汤,少见,较难
脾胃系,呕吐,胃阴不足证,胃阴不足，胃失濡润，和降失司,呕吐反复发作，或时作干呕，似饥而不欲食，舌红少津，脉细数,呕吐反复发作，或时作干呕，似饥而不欲食，口燥咽干，舌红少津，脉细数,滋养胃阴，降逆止呕,麦门冬汤,少见,较难
脾胃系,泄泻,寒湿内盛证,寒湿内盛，脾失健运，清浊不分,泄泻清稀，甚则如水样，脘闷食少，腹痛肠鸣，舌苔白腻，脉濡缓,泄泻清稀，甚则如水样，脘闷食少，腹痛肠鸣，或兼外感风寒，则恶寒，发热，头痛，肢体酸痛，舌苔白腻，脉濡缓,芳香化湿，解表散寒,藿香正气散,常见,一般
脾胃系,泄泻,湿热伤中证,湿热壅滞，损伤脾胃，传化失常,泄泻腹痛，泻下急迫，或泻而不爽，粪色黄褐，气味臭秽，肛门灼热，舌质红，苔黄腻，脉滑数或濡数,泄泻腹痛，泻下急迫，或泻而不爽，粪色黄褐，气味臭秽，肛门灼热，烦热口渴，小便短黄，舌质红，苔黄腻，脉滑数或濡数,清热利湿，分利止泻,葛根黄芩黄连汤,常见,一般
脾胃系,泄泻,食滞肠胃证,宿食内停，阻滞胃肠，传化失司,腹痛肠鸣，泻下粪便，臭如败卵，泻后痛减，脘腹胀满，舌苔垢浊或厚腻，脉滑,腹痛肠鸣，泻下粪便，臭如败卵，泻后痛减，脘腹胀满，嗳腐酸臭，不思饮食，舌苔垢浊或厚腻，脉滑,消食导滞，和中止泻,保和丸,常见,一般
脾胃系,泄泻,肝气乘脾证,肝气不舒，横逆犯脾，脾失健运,泄泻肠鸣，腹痛攻窜，矢气频作，伴有胸胁胀闷，嗳气食少，舌淡，脉弦,泄泻肠鸣，腹痛攻窜，矢气频作，伴有胸胁胀闷，嗳气食少，每因抑郁恼怒，或情绪紧张之时，发生腹痛泄泻，舌淡，脉弦,抑肝扶脾,痛泻要方,少见,较难
脾胃系,泄泻,脾胃虚弱证,脾胃虚弱，运化无权，清浊不分,大便时溏时泻，迁延反复，食少，食后脘闷不舒，稍进油腻食物，则大便次数明显增加，面色萎黄，神疲倦怠，舌淡苔白，脉细弱,大便时溏时泻，迁延反复，食少，食后脘闷不舒，稍进油腻食物，则大便次数明显增加，面色萎黄，神疲倦怠，舌质淡，苔白，脉细弱,健脾益气，化湿止泻,参苓白术散,常见,一般
脾胃系,泄泻,肾阳虚衰证,命门火衰，脾失温煦，阴寒内盛,黎明之前脐腹作痛，肠鸣即泻，泻下完谷，泻后则安，形寒肢冷，腰膝酸软，舌淡苔白，脉沉细,黎明之前脐腹作痛，肠鸣即泻，泻下完谷，泻后则安，形寒肢冷，腰膝酸软，舌淡苔白，脉沉细,温肾健脾，固涩止泻,四神丸,少见,较难
脾胃系,痢疾,湿热痢,湿热蕴结，熏灼肠道，气血壅滞，脂络受损,腹痛，里急后重，下痢赤白脓血，肛门灼热，舌苔黄腻，脉滑数,腹痛，里急后重，下痢赤白脓血，黏稠如胶冻，腥臭，肛门灼热，小便短赤，舌苔黄腻，脉滑数,清肠化湿，调气和血,芍药汤,常见,一般
脾胃系,痢疾,疫毒痢,疫邪热毒，壅盛肠道，燔灼气血,发病急骤，壮热口渴，头痛烦躁，恶心呕吐，甚者神昏惊厥，下痢鲜紫脓血，舌红绛，苔黄燥，脉滑数或微欲绝,发病急骤，壮热口渴，头痛烦躁，恶心呕吐，大便频频，痢下鲜紫脓血，腹痛剧烈，后重感特著，甚者神昏惊厥，舌红绛，苔黄燥，脉滑数或微欲绝,清热解毒，凉血除积,白头翁汤合芍药汤,少见,极难
脾胃系,痢疾,寒湿痢,寒湿客肠，气血凝滞，传导失司,腹痛拘急，痢下赤白黏冻，白多赤少，或为纯白冻，里急后重，舌苔白腻，脉濡缓,腹痛拘急，痢下赤白黏冻，白多赤少，或为纯白冻，里急后重，脘胀腹满，头身困重，舌苔白腻，脉濡缓,温中燥湿，调气和血,不换金正气散,少见,一般
脾胃系,痢疾,阴虚痢,阴虚湿热，肠络受损,痢下赤白，日久不愈，脓血黏稠，或下鲜血，脐下灼痛，虚坐努责，舌红少津，苔少或花剥，脉细数,痢下赤白，日久不愈，脓血黏稠，或下鲜血，脐下灼痛，虚坐努责，食少，心烦口干，至夜转剧，舌红少津，苔少或花剥，脉细数,养阴和营，清肠化湿,驻车丸,罕见,较难
脾胃系,痢疾,虚寒痢,脾肾阳虚，寒湿内生，阻滞肠腑,痢下赤白清稀，无腥臭，或为白冻，甚则滑脱不禁，腹部隐痛，喜按喜温，舌淡苔白滑，脉沉细而弱,痢下赤白清稀，无腥臭，或为白冻，甚则滑脱不禁，腹部隐痛，喜按喜温，形寒畏冷，四肢不温，食少神疲，腰膝酸软，舌淡苔白滑，脉沉细而弱,温补脾肾，收涩固脱,桃花汤合真人养脏汤,少见,较难
脾胃系,痢疾,休息痢,病久正伤，邪恋肠腑，传导不利,下痢时发时止，迁延不愈，常因饮食不当、受凉、劳累而发，发则大便夹有赤白黏冻，舌淡苔腻，脉濡软或虚数,下痢时发时止，迁延不愈，常因饮食不当、受凉、劳累而发，发则大便夹有赤白黏冻，腹痛，里急后重，饮食减少，倦怠怯冷，舌淡苔腻，脉濡软或虚数,温中清肠，调气化滞,连理汤,罕见,极难
脾胃系,便秘,热秘,肠腑燥热，津伤便结,大便干结，腹胀腹痛，口干口臭，面红心烦，或有身热，舌红苔黄燥，脉滑数,大便干结，腹胀腹痛，口干口臭，面红心烦，或有身热，小便短赤，舌红苔黄燥，脉滑数,泻热导滞，润肠通便,麻子仁丸,常见,一般
脾胃系,便秘,气秘,肝脾气滞，腑气不通,大便干结，或不甚干结，欲便不得出，或便而不爽，肠鸣矢气，腹胀痛，嗳气频作，苔薄腻，脉弦,大便干结，或不甚干结，欲便不得出，或便而不爽，肠鸣矢气，腹胀痛，嗳气频作，胸胁痞满，苔薄腻，脉弦,顺气导滞,六磨汤,常见,一般
脾胃系,便秘,虚秘 - 气虚,脾肺气虚，传送无力,大便并不干硬，虽有便意，但排便困难，用力努挣则汗出短气，便后乏力，舌淡苔白，脉虚,大便并不干硬，虽有便意，但排便困难，用力努挣则汗出短气，便后乏力，面白神疲，肢倦懒言，舌淡苔白，脉虚,益气润肠,黄芪汤,常见,一般
脾胃系,便秘,虚秘 - 血虚,血液亏虚，肠道失荣,大便干结，面色无华，头晕目眩，心悸气短，舌淡苔少，脉细,大便干结，面色无华，头晕目眩，心悸气短，健忘，口唇色淡，舌淡苔少，脉细,养血润燥,润肠丸,少见,较难
脾胃系,便秘,虚秘 - 阴虚,阴津不足，肠失濡润,大便干结，如羊屎状，形体消瘦，头晕耳鸣，两颧红赤，心烦少眠，潮热盗汗，舌红少苔，脉细数,大便干结，如羊屎状，形体消瘦，头晕耳鸣，两颧红赤，心烦少眠，潮热盗汗，腰膝酸软，舌红少苔，脉细数,滋阴通便,增液汤,少见,较难
脾胃系,便秘,冷秘,阴寒内盛，凝滞胃肠,大便艰涩，腹痛拘急，胀满拒按，手足不温，或呃逆呕吐，舌苔白腻，脉弦紧,大便艰涩，腹痛拘急，胀满拒按，胁下偏痛，手足不温，或呃逆呕吐，舌苔白腻，脉弦紧,温里散寒，通便止痛,温脾汤合半硫丸,罕见,较难
肾系,水肿,风水相搏证,风邪袭表，肺气闭塞，通调失职，风遏水阻,眼睑浮肿，继则全身皆肿，来势迅速，多有恶寒，发热，肢节酸楚，小便不利，脉浮,眼睑浮肿，继则全身皆肿，来势迅速，多有恶寒，发热，肢节酸楚，小便不利，咽喉肿痛，舌质红，脉浮滑数，或水肿而伴恶寒，咳喘，舌苔薄白，脉浮紧,疏风清热，宣肺行水,越婢加术汤,常见,一般
肾系,水肿,湿毒浸淫证,疮毒内归脾肺，三焦气化不利，水湿内停,眼睑浮肿，延及全身，皮肤光亮，尿少色赤，身发疮痍，甚则溃烂，舌质红，苔薄黄，脉浮数或滑数,眼睑浮肿，延及全身，皮肤光亮，尿少色赤，身发疮痍，甚则溃烂，恶风发热，舌质红，苔薄黄，脉浮数或滑数,宣肺解毒，利湿消肿,麻黄连翘赤小豆汤合五味消毒饮,少见,较难
肾系,水肿,水湿浸渍证,水湿内侵，脾气受困，脾阳不振,全身水肿，按之没指，小便短少，身体困重，胸闷，纳呆，泛恶，苔白腻，脉沉缓,全身水肿，按之没指，小便短少，身体困重，胸闷，纳呆，泛恶，苔白腻，脉沉缓,运脾化湿，通阳利水,五皮饮合胃苓汤,常见,一般
肾系,水肿,湿热壅盛证,湿热内盛，三焦壅滞，气滞水停,遍体浮肿，皮肤绷急光亮，胸脘痞闷，烦热口渴，小便短赤，舌红，苔黄腻，脉沉数或濡数,遍体浮肿，皮肤绷急光亮，胸脘痞闷，烦热口渴，小便短赤，或大便干结，舌红，苔黄腻，脉沉数或濡数,分利湿热,疏凿饮子,常见,较难
肾系,水肿,脾阳虚衰证,脾阳不振，运化无权，土不制水,身肿，腰以下为甚，按之凹陷不易恢复，脘腹胀闷，纳减便溏，面色不华，神疲乏力，舌质淡，苔白腻，脉沉缓或弱,身肿，腰以下为甚，按之凹陷不易恢复，脘腹胀闷，纳减便溏，面色不华，神疲乏力，四肢倦怠，小便短少，舌质淡，苔白腻，脉沉缓或弱,健脾温阳利水,实脾饮,少见,较难
肾系,水肿,肾阳衰微证,脾肾阳虚，水寒内聚,面浮身肿，腰以下尤甚，按之凹陷不起，心悸，气促，腰部冷痛酸重，舌淡胖，苔白，脉沉细或沉迟无力,面浮身肿，腰以下尤甚，按之凹陷不起，心悸，气促，腰部冷痛酸重，尿量减少，或多尿，四肢厥冷，怯寒神疲，面色?白，舌质淡胖，苔白，脉沉细或沉迟无力,温肾助阳，化气行水,济生肾气丸合真武汤,少见,极难
肾系,水肿,瘀水互结证,瘀血阻滞，水湿内停，泛溢肌肤,水肿延久不退，肿势轻重不一，四肢或全身浮肿，以下肢为主，皮肤瘀斑，舌紫暗，苔白，脉沉细涩,水肿延久不退，肿势轻重不一，四肢或全身浮肿，以下肢为主，皮肤瘀斑，腰部刺痛，或伴血尿，舌紫暗，苔白，脉沉细涩,活血祛瘀，化气行水,桃红四物汤合五苓散,罕见,极难
肾系,淋证,热淋,湿热蕴结下焦，膀胱气化失司,小便频数短涩，灼热刺痛，溺色黄赤，少腹拘急胀痛，苔黄腻，脉滑数,小便频数短涩，灼热刺痛，溺色黄赤，少腹拘急胀痛，或有寒热，口苦，呕恶，或有腰痛拒按，或有大便秘结，苔黄腻，脉滑数,清热利湿通淋,八正散,常见,一般
肾系,淋证,石淋,湿热蕴结下焦，尿液煎熬成石，膀胱气化失司,尿中夹砂石，排尿涩痛，或排尿时突然中断，尿道窘迫疼痛，少腹拘急，苔薄黄，脉弦或带数,尿中夹砂石，排尿涩痛，或排尿时突然中断，尿道窘迫疼痛，少腹拘急，往往突发，一侧腰腹绞痛难忍，甚则牵及外阴，尿中带血，舌红，苔薄黄，脉弦或带数,清热利湿，排石通淋,石韦散,常见,较难
肾系,淋证,血淋,湿热下注膀胱，热甚灼络，迫血妄行,小便热涩刺痛，尿色深红，或夹有血块，疼痛满急加剧，舌尖红，苔黄，脉滑数,小便热涩刺痛，尿色深红，或夹有血块，疼痛满急加剧，或见心烦，舌尖红，苔黄，脉滑数,清热通淋，凉血止血,小蓟饮子,少见,一般
肾系,淋证,气淋,气机郁结，膀胱气化不利,郁怒之后，小便涩滞，淋沥不宣，少腹满痛，苔薄白，脉弦,郁怒之后，小便涩滞，淋沥不宣，少腹满痛，苔薄白，脉弦,理气疏导，通淋利尿,沉香散,少见,一般
肾系,淋证,膏淋,湿热下注，阻滞络脉，脂汁外溢,小便浑浊，乳白或如米泔水，上有浮油，置之沉淀，或伴有絮状凝块物，舌质红，苔黄腻，脉虚数,小便浑浊，乳白或如米泔水，上有浮油，置之沉淀，或伴有絮状凝块物，或有尿道热涩疼痛，尿时阻塞不畅，口干，舌质红，苔黄腻，脉虚数,清热利湿，分清泄浊,程氏萆薢分清饮,罕见,较难
肾系,淋证,劳淋,湿热留恋，脾肾两虚，膀胱气化无权,小便不甚赤涩，溺痛不甚，但淋沥不已，时作时止，遇劳即发，舌质淡，脉细弱,小便不甚赤涩，溺痛不甚，但淋沥不已，时作时止，遇劳即发，腰膝酸软，神疲乏力，病程缠绵，舌质淡，脉细弱,补脾益肾,无比山药丸,少见,极难
肾系,癃闭,膀胱湿热证,湿热壅结下焦，膀胱气化不利,小便点滴不通，或量极少而短赤灼热，小腹胀满，口苦口黏，舌质红，苔黄腻，脉数,小便点滴不通，或量极少而短赤灼热，小腹胀满，口苦口黏，或口渴不欲饮，或大便不畅，舌质红，苔黄腻，脉数,清利湿热，通利小便,八正散,常见,一般
肾系,癃闭,肺热壅盛证,肺热壅盛，失于肃降，不能通调水道，无以下输膀胱,小便不畅或点滴不通，咽干，烦渴欲饮，呼吸急促，舌苔薄黄，脉数,小便不畅或点滴不通，咽干，烦渴欲饮，呼吸急促，或有咳嗽，舌苔薄黄，脉数,清泻肺热，通利水道,清肺饮,少见,一般
肾系,癃闭,肝郁气滞证,肝气失于疏泄，三焦气机受阻，水液排出受阻,小便不通，或通而不畅，胁腹胀满，情志抑郁，或多烦善怒，舌红，苔薄黄，脉弦,小便不通，或通而不畅，胁腹胀满，情志抑郁，或多烦善怒，舌红，苔薄黄，脉弦,疏利气机，通利小便,沉香散,少见,一般
肾系,癃闭,浊瘀阻塞证,瘀血败精，阻塞尿路，水道不通,小便点滴而下，或尿如细线，甚则阻塞不通，小腹胀满疼痛，舌紫暗，或有瘀点，脉涩,小便点滴而下，或尿如细线，甚则阻塞不通，小腹胀满疼痛，舌紫暗，或有瘀点，脉涩,行瘀散结，通利水道,代抵当丸,罕见,极难
肾系,癃闭,脾气不升证,脾虚运化无力，升清降浊失职,小腹坠胀，时欲小便而不得出，或量少而不畅，神疲乏力，食欲不振，气短而语声低微，舌质淡，苔薄，脉细,小腹坠胀，时欲小便而不得出，或量少而不畅，神疲乏力，食欲不振，气短而语声低微，舌质淡，苔薄，脉细,升清降浊，化气行水,补中益气汤合春泽汤,少见,较难
肾系,癃闭,肾阳衰惫证,肾中阳气虚衰，气化不及州都,小便不通或点滴不爽，排出无力，面色?白，神气怯弱，畏寒肢冷，舌淡胖，苔薄白，脉沉细弱,小便不通或点滴不爽，排出无力，面色?白，神气怯弱，畏寒肢冷，腰膝冷而酸软无力，舌淡胖，苔薄白，脉沉细弱,温补肾阳，化气利水,济生肾气丸,少见,极难
气血津液,郁证,肝气郁结证,肝郁气滞，脾胃失和,精神抑郁，情绪不宁，胸部满闷，胁肋胀痛，痛无定处，苔薄腻，脉弦,精神抑郁，情绪不宁，胸部满闷，胁肋胀痛，痛无定处，脘闷嗳气，不思饮食，大便不调，苔薄腻，脉弦,疏肝解郁，理气畅中,柴胡疏肝散,常见,一般
气血津液,郁证,气郁化火证,肝郁化火，横逆犯胃,性情急躁易怒，胸胁胀满，口苦而干，舌红，苔黄，脉弦数,性情急躁易怒，胸胁胀满，口苦而干，或头痛，目赤，耳鸣，或嘈杂吞酸，大便秘结，舌红，苔黄，脉弦数,疏肝解郁，清肝泻火,丹栀逍遥散,常见,一般
气血津液,郁证,痰气郁结证,气郁痰凝，阻滞胸咽,精神抑郁，胸部闷塞，胁肋胀满，咽中如有物阻，咯吐不出，吞咽不下，苔白腻，脉弦滑,精神抑郁，胸部闷塞，胁肋胀满，咽中如有物阻，咯吐不出，吞咽不下，或咳，或呕，苔白腻，脉弦滑,行气开郁，化痰散结,半夏厚朴汤,少见,较难
气血津液,郁证,心神失养证,营阴暗耗，心神失养,精神恍惚，心神不宁，多疑易惊，悲忧善哭，喜怒无常，舌淡，脉弦,精神恍惚，心神不宁，多疑易惊，悲忧善哭，喜怒无常，或时时欠伸，或手舞足蹈，骂詈喊叫，舌淡，脉弦,甘润缓急，养心安神,甘麦大枣汤,少见,较难
气血津液,郁证,心脾两虚证,脾虚血亏，心失所养,多思善疑，头晕神疲，心悸胆怯，失眠，健忘，纳差，面色不华，舌质淡，苔薄白，脉细,多思善疑，头晕神疲，心悸胆怯，失眠，健忘，纳差，面色不华，舌质淡，苔薄白，脉细,健脾养心，补益气血,归脾汤,少见,较难
气血津液,郁证,心肾阴虚证,阴精亏虚，阴不涵阳,情绪不宁，心悸，健忘，失眠，多梦，五心烦热，舌红，少苔，脉细数,情绪不宁，心悸，健忘，失眠，多梦，五心烦热，盗汗，口咽干燥，腰膝酸软，舌红，少苔，脉细数,滋养心肾,天王补心丹合六味地黄丸,罕见,极难
气血津液,血证,鼻衄?热邪犯肺证,燥热伤肺，血热妄行，上溢清窍,鼻燥衄血，口干咽燥，或兼有身热，恶风，头痛，咳嗽，痰少，舌质红，苔薄，脉数,鼻燥衄血，口干咽燥，或兼有身热，恶风，头痛，咳嗽，痰少，舌质红，苔薄，脉数,清泄肺热，凉血止血,桑菊饮,常见,一般
气血津液,血证,鼻衄?胃热炽盛证,胃火上炎，迫血妄行,鼻衄，或兼齿衄，血色鲜红，口干臭秽，便秘，舌红，苔黄，脉数,鼻衄，或兼齿衄，血色鲜红，口干臭秽，烦躁，便秘，舌红，苔黄，脉数,清胃泻火，凉血止血,玉女煎,常见,一般
气血津液,血证,鼻衄?肝火上炎证,肝火上炎，迫血妄行,鼻衄，头痛，目眩，耳鸣，烦躁易怒，舌红，脉弦数,鼻衄，头痛，目眩，耳鸣，烦躁易怒，两目红赤，口苦，舌红，脉弦数,清肝泻火，凉血止血,龙胆泻肝汤,常见,一般
气血津液,血证,鼻衄?气血亏虚证,气虚不摄，血溢清窍,鼻衄，或兼齿衄、肌衄，神疲乏力，面色?白，头晕，耳鸣，舌淡，脉细无力,鼻衄，或兼齿衄、肌衄，神疲乏力，面色?白，头晕，耳鸣，心悸，夜寐不宁，舌淡，脉细无力,补气摄血,归脾汤,少见,较难
气血津液,血证,齿衄?胃火炽盛证,胃火内炽，循经上炎，灼伤齿龈脉络,齿衄，血色鲜红，齿龈红肿疼痛，头痛，口臭，舌红，苔黄，脉洪数,齿衄，血色鲜红，齿龈红肿疼痛，头痛，口臭，便秘，舌红，苔黄，脉洪数,清胃泻火，凉血止血,加味清胃散合泻心汤,常见,一般
气血津液,血证,齿衄?阴虚火旺证,肾阴不足，虚火上炎，灼伤齿龈脉络,齿衄，血色淡红，起病较缓，遇劳即发，舌红，苔少，脉细数,齿衄，血色淡红，起病较缓，遇劳即发，齿摇不坚，舌质红，苔少，脉细数,滋阴降火，凉血止血,六味地黄丸合茜根散,少见,较难
气血津液,血证,咳血?燥热伤肺证,燥热伤肺，肺失清肃，肺络受损,喉痒咳嗽，痰中带血，口干鼻燥，或有身热，舌质红，少津，苔薄黄，脉数,喉痒咳嗽，痰中带血，口干鼻燥，或有身热，舌质红，少津，苔薄黄，脉数,清热润肺，宁络止血,桑杏汤,常见,一般
气血津液,血证,咳血?肝火犯肺证,肝火犯肺，肺络受损,咳嗽阵作，痰中带血或纯血鲜红，胸胁胀痛，烦躁易怒，舌质红，苔薄黄，脉弦数,咳嗽阵作，痰中带血或纯血鲜红，胸胁胀痛，烦躁易怒，口苦，舌质红，苔薄黄，脉弦数,清肝泻肺，凉血止血,泻白散合黛蛤散,常见,较难
气血津液,血证,咳血?阴虚肺热证,虚火灼肺，肺失清肃，肺络受损,咳嗽痰少，痰中带血，或反复咳血，潮热盗汗，舌质红，脉细数,咳嗽痰少，痰中带血，或反复咳血，口干咽燥，颧红，潮热盗汗，舌质红，脉细数,滋阴润肺，宁络止血,百合固金汤,少见,较难
气血津液,血证,吐血?胃热壅盛证,胃热内郁，热伤胃络,脘腹胀闷，嘈杂不适，甚则作痛，吐血色红或紫黯，常夹有食物残渣，口臭，便秘，舌红，苔黄腻，脉滑数,脘腹胀闷，嘈杂不适，甚则作痛，吐血色红或紫黯，常夹有食物残渣，口臭，便秘，或大便色黑，舌红，苔黄腻，脉滑数,清胃泻火，化瘀止血,泻心汤合十灰散,少见,较难
气血津液,血证,吐血?肝火犯胃证,肝火横逆，胃络受损,吐血色红或紫黯，口苦胁痛，心烦易怒，舌质红，脉弦数,吐血色红或紫黯，口苦胁痛，心烦易怒，寐少梦多，舌质红，脉弦数,泻肝清胃，凉血止血,龙胆泻肝汤,少见,较难
气血津液,血证,吐血?气虚血溢证,脾虚失摄，血溢脉外,吐血缠绵不止，时轻时重，血色暗淡，神疲乏力，心悸气短，面色苍白，舌淡，脉细弱,吐血缠绵不止，时轻时重，血色暗淡，神疲乏力，心悸气短，面色苍白，舌淡，脉细弱,健脾益气摄血,归脾汤,罕见,极难
气血津液,血证,便血?肠道湿热证,湿热蕴结，脉络受损，血溢肠道,便血色红，大便不畅或稀溏，或有腹痛，口苦，舌质红，苔黄腻，脉濡数,便血色红，大便不畅或稀溏，或有腹痛，口苦，舌质红，苔黄腻，脉濡数,清化湿热，凉血止血,地榆散合槐角丸,常见,一般
气血津液,血证,便血?气虚不摄证,中气亏虚，气不摄血，血溢脉外,便血色红或紫黯，食少，体倦，面色萎黄，心悸，少寐，舌淡，脉细,便血色红或紫黯，食少，体倦，面色萎黄，心悸，少寐，神疲乏力，舌淡，脉细,益气摄血,归脾汤,少见,较难
气血津液,血证,便血?脾胃虚寒证,中焦虚寒，统血无力，血溢胃肠,便血紫黯，甚则黑色，腹部隐痛，喜热饮，面色不华，神倦懒言，便溏，舌淡，脉细,便血紫黯，甚则黑色，腹部隐痛，喜热饮，面色不华，神倦懒言，便溏，舌淡，脉细,健脾温中，养血止血,黄土汤,少见,较难
气血津液,血证,尿血?下焦湿热证,热伤阴络，血渗膀胱,小便黄赤灼热，尿血鲜红，心烦口渴，面赤口疮，夜寐不安，舌质红，脉数,小便黄赤灼热，尿血鲜红，心烦口渴，面赤口疮，夜寐不安，舌质红，脉数,清热利湿，凉血止血,小蓟饮子,常见,一般
气血津液,血证,尿血?肾虚火旺证,虚火内炽，灼伤脉络,小便短赤带血，头晕耳鸣，神疲，颧红，潮热盗汗，舌红，脉细数,小便短赤带血，头晕耳鸣，神疲，颧红，潮热盗汗，腰膝酸软，舌红，脉细数,滋阴降火，凉血止血,知柏地黄丸,少见,较难
气血津液,血证,尿血?脾不统血证,中气亏虚，统血无力，血溢脉外,久病尿血，甚或兼见齿衄、肌衄，食少，体倦乏力，气短声低，面色不华，舌淡，脉细弱,久病尿血，甚或兼见齿衄、肌衄，食少，体倦乏力，气短声低，面色不华，舌淡，脉细弱,补中健脾，益气摄血,归脾汤,罕见,极难
气血津液,血证,尿血?肾气不固证,肾虚不固，血失统摄,久病尿血，血色淡红，头晕耳鸣，精神困惫，腰脊酸痛，舌质淡，脉沉弱,久病尿血，血色淡红，头晕耳鸣，精神困惫，腰脊酸痛，舌质淡，脉沉弱,补益肾气，固摄止血,无比山药丸,罕见,极难
气血津液,血证,紫斑?血热妄行证,热壅经络，迫血妄行，血溢肌腠,皮肤出现青紫斑点或斑块，或伴有鼻衄、齿衄、便血、尿血，或有发热，舌红，苔黄，脉弦数,皮肤出现青紫斑点或斑块，或伴有鼻衄、齿衄、便血、尿血，或有发热，口渴，便秘，舌红，苔黄，脉弦数,清热解毒，凉血止血,十灰散,少见,较难
气血津液,血证,紫斑?阴虚火旺证,虚火内炽，灼伤脉络，血溢肌腠,皮肤出现青紫斑点或斑块，时发时止，伴鼻衄、齿衄，或月经过多，颧红，心烦，舌红少苔，脉细数,皮肤出现青紫斑点或斑块，时发时止，伴鼻衄、齿衄，或月经过多，颧红，心烦，口渴，手足心热，或有潮热，盗汗，舌红少苔，脉细数,滋阴降火，宁络止血,茜根散,罕见,极难
气血津液,血证,紫斑?气不摄血证,中气亏虚，统摄无力，血溢肌腠,反复发生肌衄，久病不愈，神疲乏力，头晕目眩，面色苍白，舌淡，脉细弱,反复发生肌衄，久病不愈，神疲乏力，头晕目眩，面色苍白，食欲不振，舌淡，脉细弱,补气摄血,归脾汤,罕见,极难
气血津液,消渴,肺热津伤证,肺脏燥热，津液失布,口渴多饮，口舌干燥，尿频量多，烦热多汗，舌边尖红，苔薄黄，脉洪数,口渴多饮，口舌干燥，尿频量多，烦热多汗，舌边尖红，苔薄黄，脉洪数,清热润肺，生津止渴,消渴方,常见,一般
气血津液,消渴,胃热炽盛证,胃火内炽，胃热消谷，耗伤津液,多食易饥，口渴，尿多，形体消瘦，大便干燥，苔黄，脉滑实有力,多食易饥，口渴，尿多，形体消瘦，大便干燥，苔黄，脉滑实有力,清胃泻火，养阴增液,玉女煎,常见,一般
气血津液,消渴,气阴亏虚证,气阴不足，脾失健运,口渴引饮，能食与便溏并见，或饮食减少，精神不振，四肢乏力，舌质淡，苔白而干，脉弱,口渴引饮，能食与便溏并见，或饮食减少，精神不振，四肢乏力，舌质淡，苔白而干，脉弱,益气健脾，生津止渴,七味白术散,常见,较难
气血津液,消渴,肾阴亏虚证,肾阴亏虚，肾失固摄,尿频量多，混浊如脂膏，或尿甜，腰膝酸软，乏力，舌红少苔，脉细数,尿频量多，混浊如脂膏，或尿甜，腰膝酸软，乏力，头晕耳鸣，口干唇燥，皮肤干燥，瘙痒，舌红少苔，脉细数,滋阴固肾,六味地黄丸,少见,较难
气血津液,消渴,阴阳两虚证,阴损及阳，肾阳衰微，肾失固摄,小便频数，混浊如膏，甚至饮一溲一，面容憔悴，耳轮干枯，腰膝酸软，四肢欠温，舌淡苔白，脉沉细无力,小便频数，混浊如膏，甚至饮一溲一，面容憔悴，耳轮干枯，腰膝酸软，四肢欠温，畏寒肢冷，阳痿或月经不调，舌苔淡白，脉沉细无力,滋阴温阳，补肾固涩,金匮肾气丸,罕见,极难
肢体经络,痹证,风寒湿痹?行痹,风邪兼夹寒湿，留滞经脉，闭阻气血,肢体关节、肌肉疼痛酸楚，屈伸不利，疼痛呈游走性，初起可见有恶风、发热等表证，舌苔薄白，脉浮或浮缓,肢体关节、肌肉疼痛酸楚，屈伸不利，疼痛呈游走性，初起可见有恶风、发热等表证，舌苔薄白，脉浮或浮缓,祛风通络，散寒除湿,防风汤,常见,一般
肢体经络,痹证,风寒湿痹?痛痹,寒邪兼夹风湿，留滞经脉，闭阻气血,肢体关节疼痛，痛势较剧，痛有定处，遇寒则痛甚，得温则痛减，局部皮肤或有寒冷感，舌苔薄白，脉弦紧,肢体关节疼痛，痛势较剧，痛有定处，遇寒则痛甚，得温则痛减，关节屈伸不利，局部皮肤或有寒冷感，舌苔薄白，脉弦紧,散寒通络，祛风除湿,乌头汤,常见,一般
肢体经络,痹证,风寒湿痹?着痹,湿邪兼夹风寒，留滞经脉，闭阻气血,肢体关节、肌肉酸楚、重着、疼痛，肿胀散漫，关节活动不利，肌肤麻木不仁，舌苔白腻，脉濡缓,肢体关节、肌肉酸楚、重着、疼痛，肿胀散漫，关节活动不利，肌肤麻木不仁，舌苔白腻，脉濡缓,除湿通络，祛风散寒,薏苡仁汤,常见,一般
肢体经络,痹证,风湿热痹,风湿热邪壅滞经脉，气血闭阻不通,游走性关节疼痛，可涉及一个或多个关节，活动不便，局部灼热红肿，痛不可触，得冷则舒，舌质红，苔黄或黄腻，脉滑数或浮数,游走性关节疼痛，可涉及一个或多个关节，活动不便，局部灼热红肿，痛不可触，得冷则舒，可有皮下结节或红斑，常伴有发热、恶风、汗出、口渴、烦躁不安等全身症状，舌质红，苔黄或黄腻，脉滑数或浮数,清热通络，祛风除湿,白虎加桂枝汤合宣痹汤,常见,较难
肢体经络,痹证,痰瘀痹阻证,痰瘀互结，留滞肌肤，闭阻经脉,痹证日久，肌肉关节刺痛，固定不移，或关节肌肤紫暗、肿胀，按之较硬，舌质紫暗，苔白腻，脉弦涩,痹证日久，肌肉关节刺痛，固定不移，或关节肌肤紫暗、肿胀，按之较硬，肢体顽麻，或关节僵硬变形，屈伸不利，有硬结、瘀斑，面色黯黧，眼睑浮肿，舌质紫暗，苔白腻，脉弦涩,化痰行瘀，蠲痹通络,双合汤,少见,极难
肢体经络,痹证,肝肾亏虚证,肝肾不足，筋脉失养,痹证日久，关节屈伸不利，腰膝酸软，舌质淡红，苔薄白或少苔，脉细弱,痹证日久，关节屈伸不利，腰膝酸软，或畏寒肢冷，阳痿，遗精，或骨蒸劳热，心烦口干，舌质淡红，苔薄白或少苔，脉细弱,培补肝肾，舒筋止痛,独活寄生汤,少见,极难
肢体经络,痿证,肺热津伤证,肺燥伤津，五脏失润，筋脉失养,发病急，病起发热，或热后突然出现肢体软弱无力，可较快发生肌肉瘦削，皮肤干燥，心烦口渴，舌红，苔黄，脉细数,发病急，病起发热，或热后突然出现肢体软弱无力，可较快发生肌肉瘦削，皮肤干燥，心烦口渴，咳呛少痰，咽干不利，小便黄赤，大便干燥，舌红，苔黄，脉细数,清热润燥，养阴生津,清燥救肺汤,少见,较难
肢体经络,痿证,湿热浸淫证,湿热浸淫，壅遏经脉，营卫受阻,起病较缓，逐渐出现肢体困重，痿软无力，尤以下肢或两足痿弱为甚，舌质红，苔黄腻，脉濡数或滑数,起病较缓，逐渐出现肢体困重，痿软无力，尤以下肢或两足痿弱为甚，兼见微肿，手足麻木，扪及微热，喜凉恶热，或有发热，胸脘痞闷，小便赤涩热痛，舌质红，苔黄腻，脉濡数或滑数,清热利湿，通利经脉,加味二妙散,少见,较难
肢体经络,痿证,脾胃虚弱证,脾虚不健，生化乏源，气血亏虚，筋脉失养,起病缓慢，肢体软弱无力，逐渐加重，神疲肢倦，肌肉萎缩，少气懒言，纳呆便溏，面色?白，舌淡苔薄白，脉细弱,起病缓慢，肢体软弱无力，逐渐加重，神疲肢倦，肌肉萎缩，少气懒言，纳呆便溏，面色?白，舌淡苔薄白，脉细弱,补中益气，健脾升清,参苓白术散合补中益气汤,少见,极难
肢体经络,痿证,肝肾亏损证,肝肾亏虚，精血耗伤，筋脉失养,起病缓慢，渐见肢体痿软无力，尤以下肢明显，腰膝酸软，不能久立，舌红少苔，脉细数,起病缓慢，渐见肢体痿软无力，尤以下肢明显，腰膝酸软，不能久立，甚至步履全废，腿胫大肉渐脱，或伴有眩晕耳鸣，舌咽干燥，遗精或遗尿，或妇女月经不调，舌红少苔，脉细数,补益肝肾，滋阴清热,虎潜丸,罕见,极难
肢体经络,痿证,脉络瘀阻证,气虚血瘀，阻滞经络，筋脉失养,久病体虚，四肢痿弱，肌肉瘦削，手足麻木不仁，四肢青筋显露，舌痿不能伸缩，舌质暗淡或有瘀点瘀斑，脉细涩,久病体虚，四肢痿弱，肌肉瘦削，手足麻木不仁，四肢青筋显露，可伴有肌肉活动时隐痛不适，舌痿不能伸缩，舌质暗淡或有瘀点瘀斑，脉细涩,益气养营，活血行瘀,圣愈汤合补阳还五汤,罕见,绝症
肢体经络,腰痛,寒湿腰痛,寒湿痹阻，滞碍气血，经脉不利,腰部冷痛重着，转侧不利，静卧病痛不减，寒冷和阴雨天则加重，舌质淡，苔白腻，脉沉而迟缓,腰部冷痛重着，转侧不利，静卧病痛不减，寒冷和阴雨天则加重，舌质淡，苔白腻，脉沉而迟缓,散寒行湿，温经通络,甘姜苓术汤,常见,一般
肢体经络,腰痛,湿热腰痛,湿热壅遏，经气不畅，筋脉失舒,腰部疼痛，重着而热，暑湿阴雨天气症状加重，活动后或可减轻，身体困重，小便短赤，苔黄腻，脉濡数或弦数,腰部疼痛，重着而热，暑湿阴雨天气症状加重，活动后或可减轻，身体困重，小便短赤，苔黄腻，脉濡数 or 弦数,清热利湿，舒筋止痛,四妙丸,常见,一般
肢体经络,腰痛,瘀血腰痛,瘀血阻滞，经脉痹阻，不通则痛,腰痛如刺，痛有定处，痛处拒按，日轻夜重，轻者俯仰不便，重则不能转侧，舌质暗紫，或有瘀斑，脉涩,腰痛如刺，痛有定处，痛处拒按，日轻夜重，轻者俯仰不便，重则不能转侧，舌质暗紫，或有瘀斑，脉涩,活血化瘀，通络止痛,身痛逐瘀汤,常见,较难
肢体经络,腰痛,肾虚腰痛?肾阴虚,肾阴不足，不能濡养腰府,腰部隐隐作痛，酸软无力，缠绵不愈，心烦少寐，口燥咽干，面色潮红，手足心热，舌红少苔，脉弦细数,腰部隐隐作痛，酸软无力，缠绵不愈，心烦少寐，口燥咽干，面色潮红，手足心热，舌红少苔，脉弦细数,滋补肾阴，濡养筋脉,左归丸,常见,较难
肢体经络,腰痛,肾虚腰痛?肾阳虚,肾阳不足，不能温煦筋脉,腰部隐隐作痛，酸软无力，缠绵不愈，局部发凉，喜温喜按，遇劳更甚，卧则减轻，常反复发作，舌淡胖，脉沉细,腰部隐隐作痛，酸软无力，缠绵不愈，局部发凉，喜温喜按，遇劳更甚，卧则减轻，常反复发作，少腹拘急，面色?白，肢冷畏寒，舌淡胖，脉沉细,补肾壮阳，温煦筋脉,右归丸,常见,较难
妇科,月经先期,脾气虚证,脾气虚弱，统摄无权，冲任不固,月经周期提前，或经量多，色淡红，质清稀，神疲肢倦，气短懒言，舌淡红，苔薄白，脉缓弱,月经周期提前，或经量多，色淡红，质清稀，神疲肢倦，气短懒言，小腹空坠，纳少便溏，舌淡红，苔薄白，脉缓弱,补脾益气，摄血调经,补中益气汤,常见,一般
妇科,月经先期,肾气虚证,肾气不足，封藏失司，冲任不固,月经周期提前，经量少，色淡黯，质清稀，腰膝酸软，头晕耳鸣，舌淡黯，苔薄白，脉沉细,月经周期提前，经量少，色淡黯，质清稀，腰膝酸软，头晕耳鸣，面色晦黯，舌淡黯，苔薄白，脉沉细,补益肾气，固冲调经,固阴煎,常见,较难
妇科,月经先期,阳盛血热证,阳盛血热，热扰冲任，破血妄行,月经周期提前，经量多，色深红或紫红，质稠，心烦，面红口干，舌红，苔黄，脉数,月经周期提前，经量多，色深红或紫红，质稠，心烦，面红口干，小便短黄，大便燥结，舌红，苔黄，脉数,清热凉血调经,清经散,少见,一般
妇科,月经先期,阴虚血热证,阴虚内热，热扰冲任，冲任不固,月经周期提前，经量少，色红，质稠，两颧潮红，手足心热，舌红少苔，脉细数,月经周期提前，经量少，色红，质稠，咽干口燥，潮热盗汗，舌红少苔，脉细数,养阴清热调经,两地汤,少见,较难
妇科,月经先期,肝郁血热证,肝郁化热，热扰冲任，破血妄行,月经周期提前，经量或多或少，色深红或紫红，质稠，经行不畅，乳房胀痛，舌红，苔薄黄，脉弦数,月经周期提前，经量或多或少，色深红或紫红，质稠，经行不畅，或有块，或少腹胀痛，胸闷胁胀，乳房胀痛，心烦易怒，口苦咽干，舌红，苔薄黄，脉弦数,疏肝清热，凉血调经,丹栀逍遥散,常见,一般
妇科,月经后期,肾虚证,肾虚精血不足，冲任亏虚，血海不能按时满溢,月经周期延后，量少，色淡黯，质清稀，腰膝酸软，头晕耳鸣，舌淡，苔薄白，脉沉细,月经周期延后，量少，色淡黯，质清稀，或带下清稀，腰膝酸软，头晕耳鸣，面色晦黯，舌淡，苔薄白，脉沉细,补肾养血调经,当归地黄饮,常见,较难
妇科,月经后期,血虚证,营血亏虚，冲任不足，血海不能按时满溢,月经周期延后，量少，色淡红，质清稀，小腹空坠，头晕眼花，舌淡，苔薄，脉细弱,月经周期延后，量少，色淡红，质清稀，或小腹空坠，头晕眼花，心悸少寐，面色苍白，舌淡，苔薄，脉细弱,补血益气调经,大补元煎,常见,一般
妇科,月经后期,血寒证,寒邪客于冲任，血为寒凝，运行不畅，血海不能按时满溢,月经周期延后，量少，色黯有块，小腹冷痛拒按，得热痛减，畏寒肢冷，舌黯，苔白，脉沉紧,月经周期延后，量少，色黯有块，小腹冷痛拒按，得热痛减，畏寒肢冷，面色青白，舌黯，苔白，脉沉紧,温经散寒调经,温经汤（《金匮要略》）,少见,较难
妇科,月经后期,气滞证,气滞血瘀，血行不畅，血海不能按时满溢,月经周期延后，量少，色黯红，或有块，小腹胀痛，胸胁乳房胀痛，舌正常，苔薄白，脉弦,月经周期延后，量少，色黯红，或有块，小腹胀痛，胸胁乳房胀痛，脘闷不舒，时叹息，舌正常，苔薄白，脉弦,理气行滞调经,乌药汤,常见,一般
妇科,月经过多,气虚证,气虚冲任不固，经血失于制约,经行量多，色淡红，质清稀，神疲体倦，气短懒言，舌淡，苔薄，脉细弱,经行量多，色淡红，质清稀，神疲体倦，气短懒言，小腹空坠，面色?白，舌淡，苔薄，脉细弱,补气摄血固冲,举元煎,常见,一般
妇科,月经过多,血热证,热扰冲任，迫血妄行,经行量多，色鲜红或深红，质黏稠，口渴，心烦，舌红，苔黄，脉滑数,经行量多，色鲜红或深红，质黏稠，或有小血块，伴口渴心烦，尿黄便结，舌红，苔黄，脉滑数,清热凉血，固冲止血,保阴煎,少见,一般
妇科,月经过多,血瘀证,瘀阻冲任，血不归经,经行量多，色紫黯，有血块，经行腹痛，舌紫黯，或有瘀点，脉涩,经行量多，色紫黯，有血块，经行腹痛，块下痛减，舌紫黯，或有瘀点，脉涩,活血化瘀止血,失笑散,少见,较难
妇科,月经过少,肾虚证,肾虚精血不足，冲任亏虚，血海满溢不多,经行量少，色淡黯，质稀，腰膝酸软，头晕耳鸣，舌淡，苔薄，脉沉细,经行量少，色淡黯，质稀，腰膝酸软，头晕耳鸣，足跟痛，夜尿多，舌淡，苔薄，脉沉细,补肾益精，养血调经,归肾丸,常见,较难
妇科,月经过少,血虚证,营血亏虚，冲任不足，血海满溢不多,经行量少，色淡红，质稀，头晕眼花，心悸怔忡，舌淡，苔薄，脉细,经行量少，色淡红，质稀，头晕眼花，心悸怔忡，面色萎黄，舌淡，苔薄，脉细,养血益气调经,滋血汤,常见,一般
妇科,月经过少,血瘀证,瘀阻冲任，血行不畅，经行涩少,经行量少，色紫黯，有血块，小腹胀痛，舌紫黯，有瘀点，脉涩,经行量少，色紫黯，有血块，小腹胀痛，块下痛减，舌紫黯，有瘀点，脉涩,活血化瘀调经,桃红四物汤,少见,较难
妇科,月经过少,痰湿证,痰湿内盛，阻滞冲任，经血不畅,经行量少，色淡红，质黏腻，形体肥胖，胸闷呕恶，舌淡，苔白腻，脉滑,经行量少，色淡红，质黏腻，形体肥胖，胸闷呕恶，带下量多，舌淡，苔白腻，脉滑,化痰燥湿调经,苍附导痰丸,罕见,较难
妇科,崩漏,脾虚证,脾虚气陷，统摄无权，冲任不固，不能制约经血,经血非时暴下不止，或淋沥日久不尽，血色淡，质清稀，神疲气短，面浮肢肿，舌淡胖，边有齿痕，苔薄白，脉沉弱,经血非时暴下不止，或淋沥日久不尽，血色淡，质清稀，神疲气短，面浮肢肿，纳呆便溏，舌淡胖，边有齿痕，苔薄白，脉沉弱,补气摄血，固冲止崩,固本止崩汤,常见,较难
妇科,崩漏,肾虚证,肾气虚衰，封藏失司，冲任不固，不能制约经血,经乱无期，出血量多或淋沥不尽，或停经数月后又暴下不止，血色淡黯，质清稀，腰膝酸软，舌淡黯，苔薄白，脉沉细,经乱无期，出血量多或淋沥不尽，或停经数月后又暴下不止，血色淡黯，质清稀，腰膝酸软，头晕耳鸣，面色晦黯，舌淡黯，苔薄白，脉沉细,补肾益气，固冲止血,苁蓉菟丝子丸,常见,极难
妇科,崩漏,血热证,实热内蕴，损伤冲任，迫血妄行,经来无期，经血突然暴崩如注，或淋沥日久难止，血色深红，质稠，口渴烦热，舌红，苔黄，脉滑数,经来无期，经血突然暴崩如注，或淋沥日久难止，血色深红，质稠，口渴烦热，便秘溺黄，舌红，苔黄，脉滑数,清热凉血，固冲止血,清热固经汤,少见,较难
妇科,崩漏,血瘀证,瘀阻冲任，血不归经，非时而下,经血非时而下，量时多时少，时出时止，淋沥不断，或停闭数月又突然崩中，继之漏下，经色黯有血块，小腹疼痛，舌紫黯，脉涩,经血非时而下，量时多时少，时出时止，淋沥不断，或停闭数月又突然崩中，继之漏下，经色黯有血块，小腹疼痛，块下痛减，舌紫黯，脉涩,活血化瘀，固冲止血,逐瘀止血汤,少见,极难
妇科,闭经,气血虚弱证,气血亏虚，冲任不足，血海空虚，无血可下,月经周期延迟、量少、色淡红、质薄，渐至经闭不行，神疲肢倦，头晕眼花，舌淡，苔薄，脉沉缓,月经周期延迟、量少、色淡红、质薄，渐至经闭不行，神疲肢倦，头晕眼花，心悸气短，面色萎黄，舌淡，苔薄，脉沉缓,益气养血调经,人参养荣汤,常见,较难
妇科,闭经,肾气亏损证,肾气不足，精血亏虚，冲任空虚，无血可下,年逾 16 岁尚未行经，或月经初潮偏迟，时有月经停闭，或月经周期建立后，由月经周期延后、经量减少渐至月经停闭，腰膝酸软，舌淡，苔薄，脉沉细,年逾 16 岁尚未行经，或月经初潮偏迟，时有月经停闭，或月经周期建立后，由月经周期延后、经量减少渐至月经停闭，体质虚弱，全身发育欠佳，第二性征发育不良，腰腿酸软，头晕耳鸣，夜尿频多，舌淡，苔薄，脉沉细,补肾益气，养血调经,苁蓉菟丝子丸,少见,极难
妇科,闭经,阴虚血燥证,阴虚内热，燥灼精血，血海空虚，无血可下,月经周期延后、经量少、色红质稠，渐至月经停闭不行，五心烦热，颧红盗汗，舌红，少苔，脉细数,月经周期延后、经量少、色红质稠，渐至月经停闭不行，五心烦热，颧红盗汗，咽干口燥，舌红，少苔，脉细数,养阴清热调经,一阴煎,罕见,极难
妇科,闭经,气滞血瘀证,气滞血瘀，冲任阻滞，经血不得下行,月经停闭不行，胸胁、乳房胀痛，少腹胀痛拒按，舌紫黯，有瘀点，脉沉弦而涩,月经停闭不行，胸胁、乳房胀痛，精神抑郁，少腹胀痛拒按，烦躁易怒，舌紫黯，有瘀点，脉沉弦而涩,理气活血，祛瘀通经,血府逐瘀汤,常见,较难
妇科,闭经,痰湿阻滞证,痰湿内盛，阻滞冲任，经血不得下行,月经停闭，形体肥胖，胸闷呕恶，带下量多，舌淡，苔白腻，脉滑,月经停闭，形体肥胖，胸闷呕恶，神疲倦怠，带下量多，色白，舌淡，苔白腻，脉滑,健脾燥湿化痰，活血通经,苍附导痰丸,罕见,极难
妇科,痛经,气滞血瘀证,气滞血瘀，瘀阻冲任、子宫，经血不通则痛,经前或经期小腹胀痛拒按，经血量少，行而不畅，血色紫黯有块，块下痛减，乳房胀痛，舌紫黯，有瘀点，脉弦,经前或经期小腹胀痛拒按，经血量少，行而不畅，血色紫黯有块，块下痛减，乳房胀痛，胸闷不舒，舌质紫黯，有瘀点，脉弦,理气行滞，化瘀止痛,膈下逐瘀汤,常见,一般
妇科,痛经,寒凝血瘀证,寒凝子宫、冲任，血行不畅，经血不通则痛,经前或经期小腹冷痛拒按，得热则痛减，经血量少，色黯有块，畏寒肢冷，舌黯，苔白，脉沉紧,经前或经期小腹冷痛拒按，得热则痛减，经血量少，色黯有块，面色青白，畏寒肢冷，舌黯，苔白，脉沉紧,温经散寒，化瘀止痛,少腹逐瘀汤,常见,一般
妇科,痛经,湿热瘀阻证,湿热蕴结，瘀阻冲任、子宫，经血不通则痛,经前或经期小腹疼痛或胀痛不适，有灼热感，痛连腰骶，经血量多或经期长，色红，质稠，舌红，苔黄腻，脉滑数,经前或经期小腹疼痛或胀痛不适，有灼热感，痛连腰骶，经血量多或经期长，色红，质稠，或伴低热，小便黄赤，带下量多，色黄，舌红，苔黄腻，脉滑数,清热除湿，化瘀止痛,清热调血汤,少见,较难
妇科,痛经,气血虚弱证,气血不足，冲任、子宫失于濡养，不荣则痛,经期或经后小腹隐痛喜按，月经量少，色淡，质稀，神疲乏力，舌淡，苔薄，脉细弱,经期或经后小腹隐痛喜按，月经量少，色淡，质稀，面色无华，神疲乏力，头晕心悸，舌淡，苔薄，脉细弱,益气养血，调经止痛,圣愈汤,常见,一般
妇科,痛经,肝肾亏虚证,肝肾亏虚，冲任、子宫失于濡养，不荣则痛,经期或经后小腹绵绵作痛，喜按，月经量少，色淡黯，质稀，腰膝酸软，舌淡，苔薄，脉沉细,经期或经后小腹绵绵作痛，喜按，月经量少，色淡黯，质稀，头晕耳鸣，腰膝酸软，舌淡，苔薄，脉沉细,补养肝肾，调经止痛,益肾调经汤,少见,较难
妇科,带下过多,脾虚证,脾气虚弱，运化失司，湿邪下注，损伤任带，使任脉不固，带脉失约,带下量多，色白，质稀薄，无臭气，绵绵不断，面色萎黄，四肢不温，舌淡，苔白腻，脉缓弱,带下量多，色白，质稀薄，无臭气，绵绵不断，面色萎黄，四肢不温，纳少便溏，两足跗肿，舌淡，苔白腻，脉缓弱,健脾益气，升阳除湿,完带汤,常见,一般
妇科,带下过多,肾阳虚证,肾阳不足，命门火衰，气化失常，寒湿内盛，损伤任带,带下量多，色白，质清稀，淋漓不断，腰酸如折，畏寒肢冷，舌淡，苔白滑，脉沉迟,带下量多，色白，质清稀，淋漓不断，腰酸如折，畏寒肢冷，小腹冷感，小便频数，夜尿多，大便溏薄，舌淡，苔白滑，脉沉迟,温肾培元，固涩止带,内补丸,常见,较难
妇科,带下过多,阴虚夹湿证,肾阴不足，相火偏旺，损伤任带，复感湿邪，伤及阴络,带下量多，色黄或赤白相兼，质稠，有气味，阴部瘙痒，腰膝酸软，舌红，苔少或黄腻，脉细数,带下量多，色黄或赤白相兼，质稠，有气味，阴部瘙痒，阴部干涩，腰膝酸软，头晕耳鸣，五心烦热，咽干口燥，舌红，苔少或黄腻，脉细数,滋肾益阴，清热利湿,知柏地黄汤,少见,较难
妇科,带下过多,湿热下注证,湿热蕴结，损伤任带，使任脉不固，带脉失约,带下量多，色黄，质稠，有臭气，或带下色白质黏，外阴瘙痒，口苦口腻，舌红，苔黄腻，脉滑数,带下量多，色黄，质稠，有臭气，或带下色白质黏，外阴瘙痒，小腹作痛，口苦口腻，纳呆，小便黄少，舌红，苔黄腻，脉滑数,清利湿热，佐以解毒杀虫,止带方,常见,较难
妇科,带下过多,热毒蕴结证,热毒蕴结，损伤任带，秽液下流,带下量多，黄绿如脓，或赤白相兼，或五色杂下，质黏腻，臭秽难闻，小腹疼痛，腰骶酸痛，舌红，苔黄，脉滑数,带下量多，黄绿如脓，或赤白相兼，或五色杂下，质黏腻，臭秽难闻，小腹疼痛，腰骶酸痛，烦热头晕，口苦咽干，小便短赤，大便干结，舌红，苔黄，脉滑数,清热解毒,五味消毒饮,罕见,极难
妇科,带下过少,肝肾亏损证,肝肾亏损，精血不足，阴液不能濡润阴道，致带下过少,带下过少，甚至全无，阴部干涩，腰膝酸软，头晕耳鸣，舌红少苔，脉沉细数,带下过少，甚至全无，阴部干涩，或伴阴痒，阴部萎缩，性交疼痛，头晕耳鸣，腰膝酸软，烘热汗出，烦热胸闷，夜寐不安，小便黄，大便干结，舌红少苔，脉沉细数,滋补肝肾，养精益血,左归丸,少见,较难
妇科,带下过少,血枯瘀阻证,血虚精亏，瘀血阻滞，阴液不能濡润阴道，致带下过少,带下过少，甚至全无，阴中干涩，阴痒，经行腹痛，舌黯，有瘀点，脉细涩,带下过少，甚至全无，阴中干涩，阴痒，经行腹痛，经色紫黯，有血块，肌肤甲错，面色无华，舌黯，边有瘀点，脉细涩,补血益精，活血化瘀,小营煎,罕见,极难
妇科,妊娠恶阻,脾胃虚弱证,脾胃素虚，升降失常，孕后阴血下聚养胎，冲气上逆，胃失和降,妊娠早期，恶心呕吐，吐出食物，甚则食入即吐，脘腹胀闷，不思饮食，舌淡，苔白，脉缓滑无力,妊娠早期，恶心呕吐，吐出食物，甚则食入即吐，脘腹胀闷，不思饮食，头晕体倦，怠惰思睡，舌淡，苔白，脉缓滑无力,健脾和胃，降逆止呕,香砂六君子汤,常见,一般
妇科,妊娠恶阻,肝胃不和证,素体肝旺，孕后阴血下聚养胎，肝血不足，肝阳偏亢，冲气上逆，肝木犯胃,妊娠早期，恶心，呕吐酸水或苦水，恶闻油腻，烦渴，口干口苦，舌红，苔薄黄，脉弦滑,妊娠早期，恶心，呕吐酸水或苦水，恶闻油腻，烦渴，口干口苦，头胀而晕，胸满胁痛，嗳气叹息，舌红，苔薄黄，脉弦滑,清肝和胃，降逆止呕,橘皮竹茹汤,常见,较难
妇科,胎漏、胎动不安,肾虚证,肾虚冲任不固，胎失所系,妊娠期，阴道少量出血，色淡黯，腰酸，腹痛，下坠，头晕耳鸣，舌淡，苔白，脉沉细滑,妊娠期，阴道少量出血，色淡黯，腰酸，腹痛，下坠，头晕耳鸣，夜尿多，或曾屡孕屡堕，舌淡，苔白，脉沉细滑,补肾健脾，益气安胎,寿胎丸加党参、白术,常见,较难
妇科,胎漏、胎动不安,血热证,热扰冲任，损伤胎元,妊娠期，阴道少量出血，色鲜红或深红，质稠，腰酸，口苦咽干，舌红，苔黄，脉滑数,妊娠期，阴道少量出血，色鲜红或深红，质稠，腰酸，口苦咽干，心烦不安，手足心热，小便黄，大便秘结，舌红，苔黄，脉滑数,清热凉血，养血安胎,保阴煎,少见,较难
妇科,胎漏、胎动不安,气血虚弱证,气血不足，冲任不固，胎失所养,妊娠期，阴道少量出血，色淡红，质清稀，小腹空坠而痛，神疲乏力，舌淡，苔薄白，脉细弱,妊娠期，阴道少量出血，色淡红，质清稀，小腹空坠而痛，神疲乏力，面色?白，心悸气短，舌淡，苔薄白，脉细弱,补气养血，固肾安胎,胎元饮,少见,较难
妇科,胎漏、胎动不安,血瘀证,瘀阻冲任，损伤胎元,妊娠期，阴道少量出血，色黯红，或有血块，小腹疼痛，舌黯，有瘀点，脉弦滑,妊娠期，阴道少量出血，色黯红，或有血块，小腹疼痛，腰酸，舌黯，有瘀点，脉弦滑,活血化瘀，补肾安胎,桂枝茯苓丸合寿胎丸,罕见,极难
妇科（带下病）,子肿,脾虚证,脾虚失运，水湿停聚，浸渍肌肤,妊娠中晚期，面目四肢浮肿，皮薄光亮，按之凹陷，气短懒言，口淡无味，舌淡，苔白腻，脉缓滑,妊娠中晚期，面目四肢浮肿，皮薄光亮，按之凹陷，气短懒言，口淡无味，脘腹胀满，食欲不振，小便短少，大便溏薄，舌淡，苔白腻，脉缓滑,健脾利水,白术散,常见,一般
妇科（带下病）,子肿,肾虚证,肾阳不足，不能化气行水，水湿停聚，浸渍肌肤,妊娠中晚期，面浮肢肿，下肢尤甚，按之凹陷，腰酸乏力，下肢逆冷，舌淡，苔白滑，脉沉迟,妊娠中晚期，面浮肢肿，下肢尤甚，按之凹陷，腰酸乏力，下肢逆冷，小便不利，舌淡，苔白滑，脉沉迟,补肾温阳，化气行水,真武汤,少见,较难
妇科（带下病）,子肿,气滞证,气机郁滞，水湿停聚，浸渍肌肤,妊娠中晚期，肢体肿胀，始于两足，渐延于腿，皮色不变，随按随起，胸闷胁胀，苔薄腻，脉弦滑,妊娠中晚期，肢体肿胀，始于两足，渐延于腿，皮色不变，随按随起，胸闷胁胀，头晕胀痛，苔薄腻，脉弦滑,理气行滞，除湿消肿,天仙藤散,少见,一般
妇科（带下病）,妊娠小便不通,气虚证,气虚无力举胎，胎重下坠，压迫膀胱，水道不通,妊娠期间，小便不通，或淋沥不畅，小腹胀急疼痛，坐卧不安，面色?白，神疲乏力，舌淡，苔薄白，脉虚缓滑,妊娠期间，小便不通，或淋沥不畅，小腹胀急疼痛，坐卧不安，面色?白，神疲乏力，气短懒言，舌淡，苔薄白，脉虚缓滑,补中益气，升举胎元,补中益气汤,罕见,较难
妇科（带下病）,妊娠小便不通,肾虚证,肾虚系胞无力，胎压膀胱，或肾虚不能化气行水，水道不通,妊娠期间，小便不通，或淋沥不畅，小腹胀急疼痛，坐卧不安，腰膝酸软，舌淡，苔白润，脉沉滑,妊娠期间，小便不通，或淋沥不畅，小腹胀急疼痛，坐卧不安，腰膝酸软，畏寒肢冷，舌淡，苔白润，脉沉滑,温肾补阳，化气行水,肾气丸,罕见,极难
骨伤科,损伤三期辨证,早期气滞血瘀证,跌打损伤，气血瘀滞，不通则痛,损伤早期，局部肿胀、疼痛，痛有定处，活动受限，舌紫暗，脉弦涩,损伤早期，局部肿胀、疼痛，痛有定处，活动受限，可伴有发热、口渴、烦躁，大便秘结，舌紫暗，脉弦涩,活血化瘀，行气止痛,复元活血汤、桃红四物汤,常见,一般
骨伤科,损伤三期辨证,中期瘀血凝滞证,损伤日久，瘀血未尽，筋骨未复,损伤中期，肿胀渐消，疼痛减轻，瘀肿未尽，筋骨未复，舌暗，脉弦,损伤中期，肿胀渐消，疼痛减轻，瘀肿未尽，筋骨未复，活动仍有受限，舌暗，脉弦,和营止痛，接骨续筋,和营止痛汤、接骨紫金丹,常见,较难
骨伤科,损伤三期辨证,晚期气血肝肾亏虚证,损伤日久，气血耗伤，肝肾不足，筋骨失养,损伤晚期，肿胀疼痛消失，筋骨痿软，腰膝酸软，神疲乏力，舌淡，脉细,损伤晚期，肿胀疼痛消失，筋骨痿软，腰膝酸软，神疲乏力，面色苍白，舌淡，脉细,补气养血，补益肝肾,八珍汤、补肾壮筋汤,常见,较难
骨伤科（筋伤）,腰椎间盘突出症,气滞血瘀证,跌仆损伤，气血瘀滞，经络不通,腰腿疼痛，痛有定处，痛处拒按，日轻夜重，舌紫暗，脉弦涩,腰腿疼痛，痛有定处，痛处拒按，日轻夜重，腰部板硬，俯仰旋转受限，下肢放射痛，舌紫暗，脉弦涩,活血化瘀，理气止痛,身痛逐瘀汤,常见,一般
骨伤科（筋伤）,腰椎间盘突出症,寒湿痹阻证,寒湿侵袭，痹阻经络，气血不畅,腰腿冷痛，重着麻木，遇寒加重，得温则减，苔白腻，脉沉紧,腰腿冷痛，重着麻木，遇寒加重，得温则减，腰部活动受限，下肢发凉，苔白腻，脉沉紧,温经散寒，祛湿通络,独活寄生汤,常见,较难
骨伤科（筋伤）,腰椎间盘突出症,湿热痹阻证,湿热蕴结，阻滞经络，气血不通,腰腿疼痛，肢体麻木，遇热加重，口苦口干，苔黄腻，脉滑数,腰腿疼痛，肢体麻木，遇热加重，口苦口干，小便黄赤，大便不爽，苔黄腻，脉滑数,清热利湿，舒筋通络,四妙散,少见,较难
骨伤科（筋伤）,腰椎间盘突出症,肝肾亏虚证,肝肾不足，筋骨失养，不荣则痛,腰腿酸痛，缠绵日久，劳累加重，腰膝酸软，舌淡，脉细,腰腿酸痛，缠绵日久，劳累加重，腰膝酸软，下肢无力，麻木不仁，头晕耳鸣，舌淡，脉细,补益肝肾，强壮筋骨,左归丸,常见,极难
骨伤科（筋伤）,颈椎病,风寒阻络证,风寒侵袭，痹阻经络，气血不畅,颈肩部疼痛，麻木，遇寒加重，得温则减，苔薄白，脉浮紧,颈肩部疼痛，麻木，遇寒加重，得温则减，颈部活动不利，上肢窜痛，恶寒，苔薄白，脉浮紧,祛风散寒，通络止痛,桂枝加葛根汤,常见,一般
骨伤科（筋伤）,颈椎病,痰湿阻络证,痰湿内蕴，阻滞经络，气血不通,颈肩部疼痛，沉重麻木，头晕头重，苔白腻，脉滑,颈肩部疼痛，沉重麻木，头晕头重，胸闷呕恶，肢体困重，苔白腻，脉滑,化痰祛湿，通络止痛,半夏白术天麻汤,常见,较难
骨伤科（筋伤）,颈椎病,气滞血瘀证,跌仆劳损，气血瘀滞，经络不通,颈肩部刺痛，痛有定处，活动受限，舌紫暗，脉弦涩,颈肩部刺痛，痛有定处，活动受限，上肢麻木，夜间痛甚，舌紫暗，脉弦涩,活血化瘀，通络止痛,活血止痛汤,常见,较难
骨伤科（筋伤）,颈椎病,肝肾亏虚证,肝肾不足，筋骨失养，不荣则痛,颈肩部酸痛，缠绵日久，腰膝酸软，头晕耳鸣，舌红少苔，脉细数,颈肩部酸痛，缠绵日久，腰膝酸软，头晕耳鸣，上肢麻木，无力，舌红少苔，脉细数,补益肝肾，强壮筋骨,六味地黄丸,少见,较难
骨伤科（筋伤）,颈椎病,气血亏虚证,气血不足，经络失养，不荣则痛,颈肩部麻木，疼痛隐隐，面色苍白，神疲乏力，舌淡，脉细弱,颈肩部麻木，疼痛隐隐，面色苍白，神疲乏力，心悸气短，上肢无力，舌淡，脉细弱,益气养血，通络止痛,黄芪桂枝五物汤,少见,较难
骨伤科（筋伤）,肩关节周围炎,风寒湿痹证,风寒湿邪，痹阻经络，气血不通,肩部冷痛，遇寒加重，得温则减，活动受限，苔白腻，脉弦紧,肩部冷痛，遇寒加重，得温则减，肩部活动受限，抬举不利，畏寒肢冷，苔白腻，脉弦紧,祛风散寒，除湿通络,三痹汤,常见,一般
骨伤科（筋伤）,肩关节周围炎,气滞血瘀证,劳损外伤，气血瘀滞，经络不通,肩部刺痛，痛有定处，活动受限，舌紫暗，脉弦涩,肩部刺痛，痛有定处，活动受限，抬举不利，夜间痛甚，舌紫暗，脉弦涩,活血化瘀，行气止痛,身痛逐瘀汤,常见,较难
骨伤科（筋伤）,肩关节周围炎,气血亏虚证,气血不足，筋骨失养，不荣则痛,肩部酸痛，缠绵日久，劳累加重，神疲乏力，舌淡，脉细,肩部酸痛，缠绵日久，劳累加重，神疲乏力，面色苍白，肩部无力，活动不利，舌淡，脉细,补气养血，通络止痛,当归鸡血藤汤,少见,较难
骨伤科（骨病）,骨质疏松症,肝肾阴虚证,肝肾阴虚，精血不足，筋骨失养,腰膝酸痛，眩晕耳鸣，五心烦热，舌红少苔，脉细数,腰膝酸痛，眩晕耳鸣，五心烦热，潮热盗汗，咽干口燥，下肢痿软，舌红少苔，脉细数,滋补肝肾，填精壮骨,左归丸,常见,较难
骨伤科（骨病）,骨质疏松症,肾阳虚衰证,肾阳不足，温煦失职，筋骨失养,腰膝冷痛，畏寒肢冷，面色?白，舌淡，脉沉细,腰膝冷痛，畏寒肢冷，面色?白，神疲乏力，下肢无力，夜尿多，舌淡，脉沉细,温补肾阳，强筋壮骨,右归丸,常见,较难
骨伤科（骨病）,骨质疏松症,脾气虚弱证,脾虚失运，气血不足，筋骨失养,腰背酸痛，肢体倦怠，纳少便溏，舌淡，苔薄白，脉缓弱,腰背酸痛，肢体倦怠，纳少便溏，面色萎黄，神疲乏力，舌淡，苔薄白，脉缓弱,健脾益气，养血壮骨,参苓白术散,少见,较难
骨伤科（骨病）,骨质疏松症,气滞血瘀证,气滞血瘀，经络不通，筋骨失养,腰背刺痛，痛有定处，活动受限，舌紫暗，脉弦涩,腰背刺痛，痛有定处，活动受限，肢体麻木，夜间痛甚，舌紫暗，脉弦涩,活血化瘀，通络壮骨,身痛逐瘀汤,少见,极难
儿科,硬肿症 , 寒凝血涩证,先天禀赋不足，感受寒邪，寒凝气滞，血行不畅，肌肤失养,全身欠温，反应尚可，硬肿局限，色暗红/青紫,全身欠温，四肢发凉，哭声较低，肌肤硬肿（局限于臀、小腿等部位），难捏起，色暗红/青紫，指纹紫滞,温经散寒，活血通络,当归四逆汤加减,少见,较难
儿科,硬肿症 , 阳气虚衰证,先天禀赋不足，脾肾阳虚，阳气虚衰，寒凝血瘀，肌肤失煦,全身冰冷，反应极差，硬肿范围广,全身冰冷，僵卧少动，气息微弱，哭声低怯，吸吮困难，面色苍白，肌肤板硬而肿（波及全身），皮肤暗红，尿少或无，唇舌色淡，指纹淡红不显,益气温阳，通经活血,参附汤加味,罕见,极难
儿科,胎黄 , 湿热郁蒸证,孕母内蕴湿热或婴儿感受湿热邪毒，湿热郁蒸肝胆，胆汁外溢,面目皮肤发黄鲜明如橘，尿黄，舌红苔黄腻,面目皮肤发黄，色泽鲜明如橘，哭声响亮，不欲吮乳，口渴唇干，或有发热，大便秘结，小便深黄，舌质红，舌苔黄腻，指纹滞,清热利湿退黄,茵陈蒿汤加减,常见,一般
儿科,胎黄 , 寒湿阻滞证,先天禀赋不足，脾阳虚弱，湿从寒化，寒湿阻滞肝胆，胆汁外溢,面目皮肤发黄晦暗，四肢欠温，舌淡苔白腻,面目皮肤发黄，色泽晦暗，持久不退，精神萎靡，四肢欠温，纳呆，大便溏薄色灰白，小便短少，舌质淡，舌苔白腻，指纹淡红,温中化湿退黄,茵陈理中汤加减,少见,较难
儿科,胎黄 , 气滞血瘀证,湿热/寒湿蕴结日久，气机郁滞，血行不畅，湿瘀交阻肝胆,面目皮肤发黄晦暗，右胁下痞块质硬，青筋显露,面目皮肤发黄，颜色逐渐加深，晦暗无华，右胁下痞块质硬，肚腹膨胀，青筋显露，或见瘀斑、衄血，唇色暗红，舌见瘀点，舌苔黄，指纹紫滞,行气化瘀消积,血府逐瘀汤加减,罕见,极难
儿科,胎黄 , 胎黄动风证,湿热化火，邪陷厥阴，蒙蔽心包，引动肝风,黄疸迅速加重，伴神昏、抽搐,黄疸迅速加重，嗜睡，神昏，抽搐，舌质红，舌苔黄腻，指纹淡紫,平肝息风退黄,茵陈蒿汤合羚角钩藤汤加减,罕见,极难
儿科,胎黄 , 胎黄虚脱证,阳气虚衰，阳虚水泛，水凌心肺，阳气虚脱,黄疸迅速加重，伴面色苍黄、气促、肢冷,黄疸迅速加重，伴面色苍黄、浮肿、气促、神昏、四肢厥冷、胸腹欠温，舌淡苔白，指纹淡,温阳益气固脱,参附汤合生脉散加减,罕见,绝症
儿科,脐湿,,断脐后护理不当，水湿浸渍脐部，邪滞肌肤,脐部创面渗出脂水，浸渍不干,脐带脱落以后，脐部创面渗出脂水，浸渍不干，或见微红，舌质红，苔薄黄,收敛固涩,龙骨散（外用）,常见,一般
儿科,脐疮,,湿郁化热，或污秽化毒，湿热蕴郁脐部，营卫失和,脐部红肿热痛，或糜烂流脓,脐部红肿热痛，甚则糜烂，脓水流溢，恶寒发热，啼哭烦躁，口干欲饮，唇红舌燥，舌质红，舌苔黄腻，指纹紫,清热解毒，佐以外治,犀角消毒饮加减,少见,较难
儿科,脐血 , 胎热内盛证,胎热内盛，迫血妄行，血从脐溢,脐血鲜红，伴发热、面赤唇焦,断脐后脐部渗血，血色鲜红，发热，面赤唇焦，舌红口干，甚则吐衄、便血、肌肤紫斑,清热凉血止血,茜根散加减,罕见,较难
儿科,脐血 , 气不摄血证,先天禀赋不足，中气虚弱，脾不统血,脐血色淡，缓渗不止，伴精神萎靡,断脐后脐部渗血，血色淡红，经久不止，精神萎靡，手足欠温，舌淡苔薄，指纹淡,健脾益气摄血,归脾汤加减,罕见,较难
儿科,脐突,,先天脐部发育不全，脐孔未闭，啼哭叫扰致小肠脂膜突入,脐部半球状/囊状凸起，手按可回纳,脐部呈半球状或囊状凸起，虚大光浮，以指按之可推回腹内，啼哭时重复凸出，皮色如常，精神、食欲无明显改变,压脐法外治/手术治疗,无特定内服方（外治为主）,少见,一般
儿科,感冒 , 风寒感冒,风寒之邪束表，卫阳被遏，肺失宣肃,发热恶寒无汗，鼻流清涕，咽不红，苔薄白,恶寒，发热，无汗，头痛，身痛，鼻流清涕，喷嚏，咳嗽，口不渴，咽无红肿疼痛，舌淡红，苔薄白，脉浮紧，指纹浮红,辛温解表,荆防败毒散加减,常见,一般
儿科,感冒 , 风热感冒,风热之邪犯肺，卫表失和，肺失宣肃,发热重恶风，鼻流浊涕，咽红肿痛，苔薄黄,发热重，恶风，有汗或少汗，头痛，鼻塞流浊涕，喷嚏，咳嗽，痰稠色白或黄，咽红肿痛，口干渴，舌质红，苔薄黄，脉浮数，指纹浮紫,辛凉解表,银翘散加减,常见,一般
儿科,感冒 , 暑邪感冒,夏令暑湿束表困脾，卫表失宣，脾胃升降失司,病发夏季，发热无汗/汗出热不解，身重困倦，苔黄腻,发热，无汗或汗出热不解，头晕头痛，鼻塞，身重困倦，胸闷，呕恶，口渴心烦，食欲不振，或有呕吐、泄泻，小便短黄，舌质红，苔黄腻，脉滑数，指纹紫滞,清暑解表,新加香薷饮加减,少见,一般
儿科,感冒 , 时疫感冒,外感时疫毒邪，犯于肺胃，毒热炽盛,起病急骤，全身症状重，发热恶寒，目赤咽红,起病急骤，高热，恶寒，无汗或汗出热不解，头痛，心烦，目赤咽红，肌肉酸痛，腹痛，或有恶心、呕吐、大便稀薄，舌质红，舌苔黄，脉数，指纹紫,清瘟解毒,银翘散合普济消毒饮加减,少见,较难
儿科,感冒 , 夹痰（风寒）,风寒束肺，肺失宣肃，津液失布成痰,感冒兼咳嗽剧，痰白清稀，喉间痰鸣,感冒症状基础上，咳嗽较剧，痰多白稀，喉间痰鸣，舌苔白腻，脉浮滑,辛温解表，宣肺化痰,荆防败毒散合三拗汤、二陈汤加减,常见,一般
儿科,感冒 , 夹痰（风热）,风热犯肺，灼津成痰，痰阻气道,感冒兼咳嗽剧，痰黄黏稠，喉间痰鸣,感冒症状基础上，咳嗽较剧，痰多黄稠，喉间痰鸣，舌苔黄腻，脉浮滑数,辛凉解表，清肺化痰,银翘散合桑菊饮加减,常见,一般
儿科,感冒 , 夹滞,感冒累及脾胃，脾运失司，乳食停滞,感冒兼脘腹胀满，不思饮食，大便不调,感冒症状基础上，脘腹胀满，不思饮食，呕吐酸腐，口气秽浊，大便酸臭或腹痛泄泻、便秘，小便短黄，舌苔厚腻，脉滑，指纹紫滞,解表兼消食导滞,银翘散/荆防败毒散合保和丸加减,常见,一般
儿科,感冒 , 夹惊,感冒热扰心肝，引动肝风,感冒兼惊惕哭闹，睡卧不宁，甚或抽搐,感冒症状基础上，惊惕啼叫，睡卧不宁，甚或骤然抽搐，舌质红，脉浮弦，指纹青滞,解表兼清热镇惊,银翘散/荆防败毒散合镇惊丸加减,少见,较难
儿科,咳嗽 , 风寒咳嗽,风寒之邪犯肺，肺失宣肃，肺气上逆,咳嗽痰稀，鼻流清涕，舌苔薄白，脉浮紧,咳嗽频作，咽痒声重，痰白清稀，鼻塞流清涕，恶寒无汗，发热头痛，全身酸痛，舌质淡红，舌苔薄白，脉浮紧，指纹浮红,疏风散寒，宣肃肺气,杏苏散加减,常见,一般
儿科,咳嗽 , 风热咳嗽,风热之邪犯肺，肺失宣肃，肺气上逆,咳嗽不爽，痰黄黏稠，咽红，舌质红,咳嗽不爽，咳声高亢或声浊，痰黄黏稠，不易咯出，口渴咽痛，鼻流浊涕，或伴发热恶风，头痛，微汗出，舌质红，苔薄黄，脉浮数，指纹浮紫,疏风清热，宣肃肺气,桑菊饮加减,常见,一般
儿科,咳嗽 , 痰热咳嗽,邪热灼津炼痰，痰热结于气道，肺失宣肃,咳嗽痰多色黄黏稠，喉间痰鸣，舌红苔黄腻,咳嗽痰多，色黄黏稠，咯吐不爽，咳剧气促，喉间痰鸣，发热口渴，烦躁不宁，尿少色黄，大便干结，舌质红，苔黄腻，脉滑数，指纹紫滞,清热泻肺，宣肃肺气,清金化痰汤加减,常见,较难
儿科,咳嗽 , 痰湿咳嗽,脾虚湿盛，聚生痰液，壅阻气道，肺失宣肃,咳痰清稀色白量多，纳呆困倦，苔白腻,咳嗽重浊，痰多壅盛，色白而稀，喉间痰声辘辘，胸闷纳呆，神乏困倦，形体虚胖，舌淡红，苔白腻，脉滑，指纹沉滞,燥湿化痰，宣肃肺气,二陈汤加减,常见,一般
儿科,咳嗽 , 气虚咳嗽,久咳耗伤肺气，肺气不足，肺失宣肃,久咳不愈，咳嗽无力，痰白清稀，气短自汗,咳嗽无力，痰白清稀，面色?白，气短乏力，胃纳不振，自汗畏寒，舌淡嫩，边有齿痕，脉细无力，指纹淡,益气健脾，化痰止咳,六君子汤加减,少见,较难
儿科,咳嗽 , 阴虚咳嗽,久咳耗伤肺阴，肺阴不足，肺失濡润,久咳干咳少痰，手足心热，舌红少苔,干咳无痰，或痰少而黏，或痰中带血，不易咯出，口渴咽干，喉痒声嘶，午后潮热或手足心热，舌质红，舌苔少，脉细数，指纹紫,养阴润肺，化痰止咳,沙参麦冬汤加减,少见,较难
儿科,肺炎喘嗽 , 风寒闭肺证,风寒之邪束肺，肺气郁闭，失于宣降，水液凝痰,恶寒发热无汗，呛咳气急，痰白稀，苔薄白,恶寒发热，无汗，呛咳气急，痰白而稀，口不渴，咽不红，舌质不红，舌苔薄白或白腻，脉浮紧，指纹浮红,辛温宣肺，化痰降逆,华盖散加减,常见,较难
儿科,肺炎喘嗽 , 风热闭肺证,风热之邪犯肺，热邪闭肺，肺气郁阻，痰热凝聚,发热恶风，咳嗽气急，痰黄黏稠，舌红苔薄黄,发热恶风，微有汗出，咳嗽气急，痰多，痰黏稠或黄，口渴咽红，舌红，苔薄白或黄，脉浮数，指纹浮紫或紫滞,辛凉宣肺，降逆化痰,银翘散合麻杏石甘汤加减,常见,较难
儿科,肺炎喘嗽 , 痰热闭肺证,邪热闭肺，肺津熏灼成痰，痰热胶结闭肺，气滞血瘀,发热面赤，咳嗽痰壅，气急鼻扇，舌红苔黄腻,发热，烦躁，咳嗽喘促，气急鼻扇，喉间痰鸣，口唇青紫，面赤口渴，胸闷胀满，泛吐痰涎，舌质红，舌苔黄腻，脉滑数，指纹紫滞,清热涤痰，开肺定喘,五虎汤合葶苈大枣泻肺汤加减,常见,极难
儿科,肺炎喘嗽 , 毒热闭肺证,肺热炽盛蕴生毒热，毒热闭肺，耗伤阴津,高热不退，咳嗽喘憋，烦躁口渴，舌红而干,高热持续，咳嗽剧烈，气急鼻扇，喘憋，涕泪俱无，鼻孔干燥，面赤唇红，烦躁口渴，小便短黄，大便秘结，舌红而干，舌苔黄燥，脉洪数，指纹紫滞,清热解毒，泻肺开闭,黄连解毒汤合麻杏甘石汤加减,少见,极难
儿科,肺炎喘嗽 , 阴虚肺热证,久热久咳耗伤肺阴，余邪留恋,干咳少痰，低热盗汗，舌红少津,病程较长，干咳少痰，低热盗汗，面色潮红，五心烦热，舌质红乏津，舌苔花剥、少苔或无苔，脉细数，指纹淡红,养阴清肺，润肺止咳,沙参麦冬汤加减,少见,较难
儿科,肺炎喘嗽 , 肺脾气虚证,肺气耗伤，脾气不足，正虚邪恋，痰湿内生,病程迁延，咳嗽无力，动辄汗出，面白少华,咳嗽无力，喉中痰鸣，低热起伏不定，面白少华，动辄汗出，食欲不振，大便溏，舌质偏淡，舌苔薄白，脉细无力，指纹淡,补肺健脾，益气化痰,人参五味子汤加减,少见,较难
儿科,肺炎喘嗽 , 心阳虚衰证,肺为邪闭，气机不利，气滞血瘀，心失所养，心阳不足,突然面色苍白，四肢厥冷，肝脏迅速增大,突然面色苍白，口唇青紫，呼吸困难，或呼吸浅促，额汗不温，四肢厥冷，烦躁不安，或神萎淡漠，肝脏迅速增大，舌质略紫，苔薄白，脉细弱而数，指纹青紫,温补心阳，救逆固脱,参附龙牡救逆汤加减,罕见,绝症
儿科,肺炎喘嗽 , 邪陷厥阴证,风温之邪化火，内陷厥阴，蒙蔽心包，热盛动风,壮热烦躁，神昏谵语，四肢抽搐，舌红绛,壮热烦躁，神昏谵语，四肢抽搐，口噤项强，两目窜视，舌质红绛，指纹青紫，可达命关或透关射甲,平肝息风，清心开窍,羚角钩藤汤合牛黄清心丸加减,罕见,绝症
儿科,哮喘 , 寒性哮喘（发作期）,风寒犯肺，引动伏痰，痰气交阻，阻塞气道,气喘咳嗽，喉间哮鸣，痰白清稀，形寒无汗,气喘咳嗽，喉间哮鸣，痰稀色白多泡沫，形寒肢冷，鼻塞流清涕，面色淡白，唇青，恶寒无汗，舌质淡红，舌苔白滑或薄白，脉浮紧，指纹红,温肺散寒，涤痰定喘,小青龙汤合三子养亲汤加减,常见,较难
儿科,哮喘 , 热性哮喘（发作期）,外感风热/风寒化热，引动伏痰，痰热结阻气道,咳嗽喘急，声高息涌，咯痰稠黄，身热咽红,咳嗽喘息，声高息涌，喉间哮吼痰鸣，痰稠黄难咯，胸膈满闷，身热面赤，鼻塞流黄稠涕，口干咽红，尿黄便秘，舌质红，舌苔黄，脉滑数，指纹紫,清肺涤痰，止咳平喘,麻黄杏仁甘草石膏汤合苏葶丸加减,常见,较难
儿科,哮喘 , 外寒内热（发作期）,外有风寒束表，内有痰热内蕴，痰气搏结气道,喘促哮鸣，恶寒无汗，咯痰黏稠色黄，尿赤便秘,喘促气急，咳嗽痰鸣，咯痰黏稠色黄，胸闷，鼻塞喷嚏流清涕，或恶寒无汗发热，面赤口渴，夜卧不安，大便干结，小便黄赤，舌质红，舌苔薄白或黄，脉滑数或浮紧,散寒清热，降气平喘,大青龙汤加减,少见,较难
儿科,哮喘 , 虚实夹杂（发作期）,病程较长，正虚邪恋，肺实肾虚，痰饮壅肺,喘促胸闷，咳嗽痰多，动则喘甚，神疲纳呆,病程较长，哮喘持续，喘促胸闷，咳嗽痰多，喉中痰吼，动则喘甚，面色少华，畏寒肢冷，神疲纳呆，小便清长，舌质淡，苔薄白或白腻，脉细弱，指纹淡滞,泻肺平喘，补肾纳气,偏上盛者：苏子降气汤加减；偏下虚者：射干麻黄汤合都气丸加减,少见,极难
儿科,哮喘 , 肺脾气虚（缓解期）,肺脾气虚，表卫不固，运化失健，痰湿内生,反复感冒，气短自汗，咳而无力，纳差便溏,咳嗽无力，反复感冒，气短自汗，神疲懒言，形瘦纳差，面白少华或萎黄，便溏，舌质淡胖，舌苔薄白，脉细软，指纹淡,健脾益气，补肺固表,人参五味子汤合玉屏风散加减,常见,较难
儿科,哮喘 , 脾肾阳虚（缓解期）,脾肾阳虚，运化失司，摄纳无权，痰湿内伏,动则喘促，形寒肢冷，腹胀纳差，夜尿多,动则喘促，咳嗽无力，气短心悸，面色苍白，形寒肢冷，脚软无力，腹胀纳差，大便溏泄，夜尿多，发育迟缓，舌质淡，舌苔薄白，脉细弱，指纹淡,健脾温肾，固摄纳气,金匮肾气丸加减,少见,极难
儿科,哮喘 , 肺肾阴虚（缓解期）,肺肾阴虚，肺失濡润，肾失摄纳，余痰未清,干咳少痰，夜间盗汗，形体消瘦，舌红少苔,喘促乏力，咳嗽时作，干咳或咳痰不爽，面色潮红，形体消瘦，潮热盗汗，口咽干燥，手足心热，便秘，舌红少津，舌苔花剥，脉细数，指纹淡红,补肾敛肺，养阴纳气,麦味地黄丸加减,少见,极难
儿科,反复呼吸道感染 , 肺脾气虚证,肺脾气虚，卫外不固，生化乏源，易遭外邪,反复外感，多汗，少气懒言，纳呆食少,反复外感，少气懒言，动则多汗，面黄少华，唇口色淡，食少纳呆，大便不调，舌质淡红，脉细无力，指纹淡,健脾补肺,玉屏风散加味,常见,较难
儿科,反复呼吸道感染 , 气阴两虚证,气虚卫表不固，阴虚内热，易受外邪侵袭,反复外感，手足心热，盗汗神疲，纳呆便干,反复外感，手足心热，或低热，盗汗，口干，神疲乏力，纳呆食少，大便偏干，舌质红，苔少或花剥，脉细无力，指纹淡红,益气养阴,生脉散加味,少见,较难
儿科,反复呼吸道感染 , 肺胃实热证,平素嗜食肥甘辛辣，肺胃蕴热，腠理失密，易受外邪,反复外感，汗多而黏，咽微红，口臭，大便干,反复外感，咽微红，口臭，口舌易生疮，汗多而黏，夜寐欠安，大便干，舌质红，苔黄，脉滑数,清泻肺胃,凉膈散加减,少见,一般
儿科,鹅口疮 , 心脾积热证,胎热内蕴，或口腔不洁，感受秽毒，心脾积热，循经上炎,口腔黏膜满布白屑，周围红赤，烦躁口渴,口腔黏膜、舌上满布白屑，周围红赤，烦躁不安，面赤唇红，口臭，口渴喜饮，大便干结，小便短黄，舌质红，苔黄腻，指纹紫滞,清心泻脾,清热泻脾散加减,常见,一般
儿科,鹅口疮 , 虚火上浮证,体质虚弱，或久病伤阴，虚火上浮，熏灼口腔,口腔黏膜散在白屑，周围微红，手足心热,口腔黏膜、舌上散在白屑，周围微红，形体消瘦，颧红盗汗，手足心热，口干不渴，大便干结，舌红少苔，脉细数，指纹淡紫,滋阴降火,知柏地黄丸,少见,较难
儿科,口疮 , 风热乘脾证,风热之邪侵袭脾胃，循经上炎口舌,口舌疱疹、溃疡，周围红赤，伴发热恶风,口舌黏膜出现散在疱疹、溃疡，周围红赤，灼热疼痛，流涎拒食，发热恶风，咽红，舌质红，苔薄黄，脉浮数，指纹浮紫,疏风散火，清热解毒,银翘散加减,常见,一般
儿科,口疮 , 心火上炎证,心火炽盛，循经上炎口舌，灼伤黏膜,舌尖、舌边溃疡，色红疼痛，伴心烦尿赤,舌尖、舌边出现溃疡，色红灼热疼痛，心烦不安，面赤唇红，口干欲饮，小便短黄，舌尖红，苔薄黄，脉细数，指纹紫,清心泻火，凉血解毒,泻心导赤散加减,常见,一般
儿科,口疮 , 虚火上浮证,体质虚弱，久病伤阴，虚火上浮，熏灼口舌,口舌溃疡稀疏，色淡红，伴手足心热,口舌溃疡稀疏，色淡红，疼痛较轻，反复发作，形体消瘦，颧红盗汗，手足心热，口干不渴，大便干结，舌红少苔，脉细数，指纹淡紫,滋阴降火，引火归元,六味地黄丸加肉桂,少见,较难
儿科,呕吐 , 乳食积滞证,乳食不节，喂养不当，乳食停滞胃脘，胃失和降,呕吐酸腐乳食，脘腹胀满，嗳气酸臭,呕吐酸腐乳食，脘腹胀满，嗳气酸臭，不思乳食，夜卧不安，大便酸臭或夹不消化食物，舌质红，苔厚腻，脉滑数，指纹紫滞,消食化积，和胃降逆,保和丸加减,常见,一般
儿科,呕吐 , 胃热气逆证,外感热邪，或乳食积滞化热，热蕴胃脘，胃失和降,呕吐频繁，呕吐物酸臭，伴发热口渴,呕吐频繁，呕吐物酸臭，发热口渴，面赤唇红，烦躁不安，大便干结，小便短黄，舌质红，苔黄腻，脉滑数，指纹紫,清热和胃，降逆止呕,黄连温胆汤加减,少见,一般
儿科,呕吐 , 脾胃虚寒证,脾胃素虚，或久病伤脾，脾胃阳气不足，胃失和降,呕吐清稀痰涎，脘腹冷痛，喜温喜按,呕吐清稀痰涎或食物，脘腹冷痛，喜温喜按，面色?白，精神萎靡，四肢欠温，大便溏薄，舌质淡，苔白腻，脉迟缓，指纹淡红,温中健脾，和胃降逆,丁萸理中汤加减,少见,较难
儿科,呕吐 , 肝气犯胃证,情志失调，肝气郁结，横逆犯胃，胃失和降,呕吐酸苦水，嗳气频繁，伴烦躁易怒,呕吐酸苦水，嗳气频繁，胸胁胀痛，烦躁易怒，面色青黄，舌红苔薄黄，脉弦数，指纹紫,疏肝理气，和胃降逆,解肝煎加减,罕见,较难
儿科,腹痛 , 腹部中寒证,外感寒邪，或饮食生冷，寒凝气滞，经络不通,腹痛喜温喜按，遇寒加重，得温则舒,腹痛绵绵，喜温喜按，遇寒加重，得温则舒，面色?白，四肢欠温，大便溏薄，小便清长，舌质淡，苔白滑，脉沉迟，指纹淡红,温中散寒，理气止痛,养脏汤加减,常见,一般
儿科,腹痛 , 乳食积滞证,乳食不节，暴饮暴食，乳食停滞，气机不畅,腹痛腹胀，嗳腐吞酸，呕吐不消化食物,腹痛腹胀，嗳腐吞酸，呕吐不消化食物，不思乳食，夜卧不安，大便酸臭或夹不消化食物，舌质红，苔厚腻，脉滑数，指纹紫滞,消食导滞，行气止痛,香砂平胃散加减,常见,一般
儿科,腹痛 , 胃肠积热证,外感热邪，或乳食积滞化热，热结胃肠，气机不畅,腹痛拒按，烦躁口渴，大便干结,腹痛剧烈，拒按，烦躁口渴，面赤唇红，大便干结，小便短黄，舌质红，苔黄腻，脉滑数，指纹紫,清热通腑，行气止痛,大承气汤加减,少见,较难
儿科,腹痛 , 脾胃虚寒证,脾胃素虚，或久病伤脾，脾胃阳气不足，运化失健,腹痛绵绵，喜温喜按，神疲乏力,腹痛绵绵，喜温喜按，神疲乏力，面色?白，食欲不振，大便溏薄，舌质淡，苔薄白，脉细弱，指纹淡红,健脾益气，温中止痛,小建中汤加减,少见,较难
儿科,泄泻 , 湿热泻,外感湿热之邪，或乳食积滞化热，湿热蕴结肠道，传化失常,大便水样或蛋花汤样，色黄味臭，伴发热,大便水样或蛋花汤样，量多次频，色黄味臭，发热口渴，烦躁不安，小便短黄，舌质红，苔黄腻，脉滑数，指纹紫,清热利湿，分利止泻,葛根黄芩黄连汤加减,常见,一般
儿科,泄泻 , 风寒泻,外感风寒之邪，或饮食生冷，寒湿蕴结肠道，传化失常,大便清稀多泡沫，色淡味腥，伴恶寒发热,大便清稀多泡沫，色淡味腥，恶寒发热，鼻塞流清涕，咳嗽，舌质淡，苔薄白，脉浮紧，指纹浮红,疏风散寒，化湿和中,藿香正气散加减,常见,一般
儿科,泄泻 , 伤食泻,乳食不节，暴饮暴食，乳食停滞肠道，传化失常,大便夹不消化食物，酸臭如败卵，脘腹胀满,大便夹不消化食物，酸臭如败卵，脘腹胀满，嗳气酸臭，不思乳食，夜卧不安，舌质红，苔厚腻，脉滑数，指纹紫滞,消食化积，和中止泻,保和丸加减,常见,一般
儿科,泄泻 , 脾虚泻,脾胃素虚，或久病伤脾，脾胃运化失常，水湿内停,大便稀溏，食后作泻，神疲乏力,大便稀溏，食后作泻，色淡不臭，神疲乏力，面色萎黄，食欲不振，舌质淡，苔薄白，脉细弱，指纹淡红,健脾益气，助运止泻,参苓白术散加减,常见,较难
儿科,泄泻 , 脾肾阳虚泻,脾胃虚寒日久，累及肾阳，脾肾阳虚，运化失司,大便澄澈清冷，完谷不化，形寒肢冷,大便澄澈清冷，完谷不化，形寒肢冷，面色?白，精神萎靡，四肢厥冷，小便清长，舌质淡，苔白滑，脉沉迟，指纹淡红,温补脾肾，固涩止泻,附子理中汤合四神丸加减,少见,极难
儿科,便秘 , 乳食积滞证,乳食不节，暴饮暴食，乳食停滞肠道，气机不畅,大便干结，脘腹胀满，嗳气酸臭,大便干结，脘腹胀满，嗳气酸臭，不思乳食，夜卧不安，舌质红，苔厚腻，脉滑数，指纹紫滞,消食导滞，润肠通便,枳实导滞丸加减,常见,一般
儿科,便秘 , 燥热便秘证,外感热邪，或乳食积滞化热，热灼津液，肠道失润,大便干结，烦躁口渴，面赤唇红,大便干结，烦躁口渴，面赤唇红，小便短黄，舌质红，苔黄燥，脉滑数，指纹紫,清热润肠通便,麻子仁丸加减,常见,一般
儿科,便秘 , 气虚便秘证,脾胃气虚，运化无力，肠道传导失常,大便并不干硬，排便困难，神疲乏力,大便并不干硬，排便困难，神疲乏力，面色萎黄，食欲不振，舌质淡，苔薄白，脉细弱，指纹淡红,健脾益气，润肠通便,黄芪汤加减,少见,较难
儿科,便秘 , 阴虚便秘证,体质虚弱，或久病伤阴，阴液不足，肠道失润,大便干结，手足心热，盗汗颧红,大便干结，手足心热，盗汗颧红，口干咽燥，舌质红，苔少或无苔，脉细数，指纹淡紫,滋阴润肠通便,增液汤加减,少见,较难
儿科,厌食 , 脾失健运证,喂养不当，饮食不节，脾胃运化失健,食欲不振，食而乏味，形体偏瘦,食欲不振，食而乏味，形体偏瘦，面色少华，精神尚可，大便溏薄或夹不消化食物，舌质淡，苔薄白或薄腻，脉缓，指纹淡红,健脾助运，消食化积,不换金正气散加减,常见,一般
儿科,厌食 , 脾胃气虚证,脾胃素虚，或久病伤脾，脾胃气虚，运化无力,食欲不振，食少便溏，神疲乏力,食欲不振，食少便溏，神疲乏力，面色萎黄，形体消瘦，舌质淡，苔薄白，脉细弱，指纹淡红,健脾益气，佐以助运,异功散加减,常见,较难
儿科,厌食 , 脾胃阴虚证,体质虚弱，或久病伤阴，脾胃阴液不足，运化失司,食欲不振，口干咽燥，手足心热,食欲不振，口干咽燥，手足心热，大便干结，舌红少津，苔少或花剥，脉细数，指纹淡紫,滋脾养胃，佐以助运,养胃增液汤加减,少见,较难
儿科,积滞 , 乳食内积证,乳食不节，暴饮暴食，乳食停滞，气机不畅,脘腹胀满，嗳腐吞酸，呕吐酸腐乳食,脘腹胀满，嗳腐吞酸，呕吐酸腐乳食，不思乳食，夜卧不安，大便酸臭或夹不消化食物，舌质红，苔厚腻，脉滑数，指纹紫滞,消食化积，理气行滞,乳积用消乳丸，食积用保和丸加减,常见,一般
儿科,积滞 , 脾虚夹积证,脾胃素虚，运化无力，乳食停滞，虚实夹杂,脘腹胀满喜按，食欲不振，神疲乏力,脘腹胀满喜按，食欲不振，神疲乏力，面色萎黄，形体消瘦，大便溏薄夹不消化食物，舌质淡，苔薄腻，脉细弱，指纹淡红,健脾益气，消食化积,健脾丸加减,常见,较难
儿科,疳证 , 疳气证,喂养不当，脾胃运化失健，气液不足,形体略瘦，食欲不振，精神尚可,形体略瘦，食欲不振，精神尚可，面色少华，毛发稀疏，大便溏薄或夹不消化食物，舌质淡，苔薄白或薄腻，脉缓，指纹淡红,调脾健运,资生健脾丸加减,常见,较难
儿科,疳证 , 疳积证,脾胃虚损，积滞内停，虚实夹杂，气液耗伤,形体消瘦明显，脘腹胀满，青筋显露,形体消瘦明显，脘腹胀满，青筋显露，面色萎黄，毛发枯黄稀疏，精神不振，或烦躁易怒，大便溏薄或干结，舌质淡，苔厚腻，脉细滑，指纹紫滞,消积理脾,疳积散加减,少见,极难
儿科,疳证 , 干疳证,脾胃虚损严重，气液耗竭，形体羸瘦,形体极度消瘦，皮肤干瘪起皱，精神萎靡,形体极度消瘦，皮肤干瘪起皱，大肉尽脱，精神萎靡，面色?白，毛发干枯，大便干结，舌质红绛，苔少或无苔，脉细数，指纹淡紫,补益气血,八珍汤加减,罕见,绝症
儿科,营养性缺铁性贫血 , 脾胃虚弱证,脾胃虚弱，运化失常，生化乏源，气血不足,面色萎黄，食欲不振，神疲乏力,面色萎黄或苍白，食欲不振，神疲乏力，头晕目眩，口唇指甲淡白，大便溏薄，舌质淡，苔薄白，脉细弱，指纹淡红,健脾和胃，益气养血,六君子汤合当归补血汤加减,常见,较难
儿科,营养性缺铁性贫血 , 心脾两虚证,脾胃虚弱日久，气血不足，心脾失养,面色苍白，头晕心悸，神疲乏力,面色苍白，头晕心悸，神疲乏力，失眠多梦，口唇指甲淡白，食欲不振，大便溏薄，舌质淡，苔薄白，脉细弱，指纹淡红,补益心脾，养血安神,归脾汤加减,常见,较难
儿科,营养性缺铁性贫血 , 肝肾阴虚证,久病耗伤阴液，肝肾阴虚，精血不足,面色苍白，头晕耳鸣，手足心热,面色苍白，头晕耳鸣，手足心热，盗汗颧红，口干咽燥，指甲枯脆，舌质红，苔少或无苔，脉细数，指纹淡紫,滋养肝肾，益精生血,左归丸加减,少见,极难
儿科,营养性缺铁性贫血 , 脾肾阳虚证,脾胃虚寒日久，累及肾阳，脾肾阳虚，气血生化无源,面色?白，畏寒肢冷，神疲乏力,面色?白，畏寒肢冷，神疲乏力，头晕目眩，口唇指甲淡白，食欲不振，大便溏薄，小便清长，舌质淡，苔白滑，脉沉迟，指纹淡红,温补脾肾，益精生血,右归丸加减,少见,极难
儿科,夜啼 , 脾寒气滞证,脾胃虚寒，气机不畅，寒凝气滞，夜间阴盛阳衰,夜间啼哭，哭声低弱，喜温喜按,夜间啼哭，哭声低弱，时哭时止，喜温喜按，面色?白，四肢欠温，大便溏薄，小便清长，舌质淡，苔白滑，脉沉迟，指纹淡红,温脾散寒，行气止痛,乌药散合匀气散加减,常见,一般
儿科,夜啼 , 心经积热证,胎热内蕴，或外感热邪，心经积热，夜间热盛,夜间啼哭，哭声响亮，烦躁不安,夜间啼哭，哭声响亮，烦躁不安，面赤唇红，口干欲饮，大便干结，小便短黄，舌尖红，苔薄黄，脉细数，指纹紫,清心导赤，泻火安神,导赤散加减,常见,一般
儿科,夜啼 , 惊恐伤神证,暴受惊恐，心神不宁，夜间心神失养,夜间啼哭，睡中易惊，烦躁不安,夜间啼哭，睡中易惊，烦躁不安，面色青灰，舌质淡，苔薄白，脉弦，指纹青紫,镇惊安神，补气养心,远志丸加减,少见,较难
儿科,汗证 , 肺卫不固证,肺气不足，卫外不固，津液外泄,自汗为主，活动后加重，易感冒,自汗为主，活动后加重，易感冒，面色少华，神疲乏力，舌质淡，苔薄白，脉细弱，指纹淡红,益气固表,玉屏风散合牡蛎散加减,常见,一般
儿科,汗证 , 营卫失调证,营卫不和，卫气不固，营阴外泄,自汗盗汗并见，汗出不温，伴低热,自汗盗汗并见，汗出不温，伴低热，面色苍白，精神萎靡，舌质淡，苔薄白，脉缓，指纹淡红,调和营卫,黄芪桂枝五物汤加减,常见,一般
儿科,汗证 , 气阴亏虚证,久病耗伤气阴，气虚不能固摄，阴虚不能敛汗,盗汗为主，手足心热，神疲乏力,盗汗为主，手足心热，神疲乏力，面色潮红，口干咽燥，舌质红，苔少或无苔，脉细数，指纹淡紫,益气养阴,生脉散加减,少见,较难
儿科,汗证 , 湿热迫蒸证,外感湿热之邪，或乳食积滞化热，湿热迫蒸，津液外泄,自汗盗汗，汗出黏腻，口苦口臭,自汗盗汗，汗出黏腻，口苦口臭，面赤唇红，烦躁不安，大便干结，小便短黄，舌质红，苔黄腻，脉滑数，指纹紫,清热泻湿,泻黄散加减,少见,一般
儿科,病毒性心肌炎 , 风热犯心证,外感风热之邪，侵袭于心，损伤心肌,发热咽痛，心悸胸闷，乏力,发热咽痛，心悸胸闷，乏力，气短，面赤唇红，舌红苔薄黄，脉浮数或结代，指纹紫,清热解毒，宁心复脉,银翘散合生脉散加减,少见,较难
儿科,病毒性心肌炎 , 湿热侵心证,外感湿热之邪，蕴结于心，损伤心肌,发热口苦，胸闷心悸，小便黄赤,发热口苦，胸闷心悸，乏力，气短，恶心呕吐，大便溏薄或干结，小便黄赤，舌质红，苔黄腻，脉滑数或结代，指纹紫,清热化湿，宁心复脉,葛根黄芩黄连汤合甘露消毒丹加减,少见,极难
儿科,病毒性心肌炎 , 气阴两虚证,病程日久，耗气伤阴，心气不足，心阴亏虚,心悸气短，神疲乏力，盗汗颧红,心悸气短，神疲乏力，盗汗颧红，口干咽燥，头晕目眩，舌质红，苔少或无苔，脉细数或结代，指纹淡紫,益气养阴，宁心复脉,炙甘草汤合生脉散加减,少见,极难
儿科,病毒性心肌炎 , 心阳虚弱证,久病损伤心阳，心阳不足，温煦失职,心悸胸闷，畏寒肢冷，面色?白,心悸胸闷，畏寒肢冷，面色?白，精神萎靡，气短乏力，舌质淡，苔白滑，脉沉迟或结代，指纹淡红,温补心阳，宁心复脉,桂枝甘草龙骨牡蛎汤加减,罕见,极难
儿科,病毒性心肌炎 , 痰瘀阻络证,病程日久，痰瘀互结，阻滞心络,心悸胸闷，胸痛固定，舌有瘀点,心悸胸闷，胸痛固定不移，乏力，气短，舌质紫暗或有瘀点，苔白腻，脉涩或结代，指纹紫滞,化痰活血，通络宁心,瓜蒌薤白半夏汤合血府逐瘀汤加减,罕见,极难
儿科,注意力缺陷多动障碍 , 肝肾阴虚证,先天禀赋不足，肝肾阴虚，肝阳偏亢,多动易怒，手足心热，头晕耳鸣,多动易怒，手足心热，头晕耳鸣，记忆力差，注意力不集中，舌红少苔，脉细数，指纹淡紫,滋养肝肾，平肝潜阳,杞菊地黄丸加减,少见,极难
儿科,注意力缺陷多动障碍 , 心脾两虚证,脾胃虚弱，气血不足，心脾失养,多动不宁，神疲乏力，食欲不振,多动不宁，神疲乏力，食欲不振，面色萎黄，记忆力差，注意力不集中，舌质淡，苔薄白，脉细弱，指纹淡红,补益心脾，养血安神,归脾汤合甘麦大枣汤加减,少见,较难
儿科,注意力缺陷多动障碍 , 痰火内扰证,饮食不节，痰湿内生，化火扰心,多动烦躁，面赤口苦，大便干结,多动烦躁，面赤口苦，大便干结，小便短黄，舌质红，苔黄腻，脉滑数，指纹紫,清热化痰，宁心安神,黄连温胆汤加减,少见,较难
儿科,抽动障碍 , 气郁化火证,情志失调，肝气郁结，化火扰神,抽动频繁，烦躁易怒，面赤口苦,抽动频繁，烦躁易怒，面赤口苦，头晕目眩，舌质红，苔薄黄，脉弦数，指纹紫,疏肝泻火，息风止动,清肝达郁汤加减,少见,较难
儿科,抽动障碍 , 脾虚痰聚证,脾胃虚弱，痰湿内生，阻滞经络,抽动无力，神疲乏力，食欲不振,抽动无力，神疲乏力，食欲不振，面色萎黄，大便溏薄，舌质淡，苔白腻，脉滑，指纹淡红,健脾化痰，息风止动,十味温胆汤加减,少见,较难
儿科,抽动障碍 , 阴虚风动证,久病耗伤阴液，肝肾阴虚，虚风内动,抽动舒缓，手足心热，盗汗颧红,抽动舒缓，手足心热，盗汗颧红，口干咽燥，舌质红，苔少或无苔，脉细数，指纹淡紫,滋阴潜阳，息风止动,大定风珠加减,罕见,极难
儿科,急惊风 , 风热动风证,外感风热之邪，侵袭肝经，引动肝风,发热咽痛，烦躁抽搐，舌红苔薄黄,发热咽痛，烦躁抽搐，头痛，鼻塞流浊涕，舌质红，苔薄黄，脉浮数，指纹浮紫,疏风清热，息风止痉,银翘散合羚角钩藤汤加减,少见,极难
儿科,急惊风 , 温热疫毒证,外感温热疫毒，侵袭心肝，引动肝风,高热烦躁，神昏抽搐，舌红绛,高热烦躁，神昏抽搐，头痛呕吐，舌质红绛，苔黄燥，脉洪数，指纹紫滞,清热解毒，息风止痉,清瘟败毒饮加减,罕见,绝症
儿科,急惊风 , 暑热疫毒证,外感暑热疫毒，侵袭心肝，引动肝风,高热不退，烦躁抽搐，口渴多饮,高热不退，烦躁抽搐，口渴多饮，小便短黄，舌质红，苔黄腻，脉滑数，指纹紫,清热祛暑，息风止痉,新加香薷饮合白虎汤加减,罕见,绝症
儿科,急惊风 , 湿热疫毒证,外感湿热疫毒，侵袭肠道，内陷心肝,高热呕吐，烦躁抽搐，大便脓血,高热呕吐，烦躁抽搐，大便脓血，腹痛，舌质红，苔黄腻，脉滑数，指纹紫,清热化湿，解毒息风,黄连解毒汤合白头翁汤加减,罕见,绝症
儿科,急惊风 , 惊恐惊风证,暴受惊恐，心神不宁，引动肝风,夜间啼哭，睡中易惊，抽搐,夜间啼哭，睡中易惊，抽搐，面色青灰，舌质淡，苔薄白，脉弦，指纹青紫,镇惊安神，息风止痉,琥珀抱龙丸加减,罕见,极难
儿科,慢惊风 , 脾虚肝旺证,脾胃虚弱，气血不足，肝失濡养，虚风内动,抽搐无力，神疲乏力，食欲不振,抽搐无力，神疲乏力，食欲不振，面色萎黄，大便溏薄，舌质淡，苔薄白，脉细弱，指纹淡红,健脾益气，平肝息风,缓肝理脾汤加减,罕见,极难
儿科,慢惊风 , 脾肾阳虚证,脾胃虚寒日久，累及肾阳，脾肾阳虚，虚风内动,抽搐舒缓，畏寒肢冷，神疲乏力,抽搐舒缓，畏寒肢冷，神疲乏力，面色?白，大便溏薄，小便清长，舌质淡，苔白滑，脉沉迟，指纹淡红,温补脾肾，回阳救逆,固真汤合逐寒荡惊汤加减,罕见,绝症
儿科,慢惊风 , 阴虚风动证,久病耗伤阴液，肝肾阴虚，虚风内动,抽搐舒缓，手足心热，盗汗颧红,抽搐舒缓，手足心热，盗汗颧红，口干咽燥，舌质红，苔少或无苔，脉细数，指纹淡紫,滋阴潜阳，息风止动,大定风珠加减,罕见,绝症
儿科,痫病 , 风痰闭阻证,痰湿内生，化风扰神，蒙蔽心窍,发作时神志不清，抽搐痰鸣，舌苔白腻,发作时神志不清，抽搐痰鸣，口吐白沫，舌质淡，苔白腻，脉滑，指纹淡滞,涤痰息风，开窍定痫,定痫丸加减,少见,极难
儿科,痫病 , 痰火扰神证,痰湿内生，化火扰神，蒙蔽心窍,发作时神志不清，抽搐剧烈，面赤口苦,发作时神志不清，抽搐剧烈，面赤口苦，大便干结，小便短黄，舌质红，苔黄腻，脉滑数，指纹紫,清热泻火，化痰开窍,龙胆泻肝汤合涤痰汤加减,少见,极难
儿科,痫病 , 瘀阻脑络证,外伤或久病，瘀血阻络，脑窍失养,发作时神志不清，抽搐固定，舌有瘀点,发作时神志不清，抽搐固定不移，头痛，舌质紫暗或有瘀点，苔薄白，脉涩，指纹紫滞,活血化瘀，息风开窍,通窍活血汤加减,罕见,极难
儿科,痫病 , 心脾两虚证,脾胃虚弱，气血不足，心脾失养，脑窍失荣,发作时神志不清，抽搐无力，神疲乏力,发作时神志不清，抽搐无力，神疲乏力，面色萎黄，食欲不振，舌质淡，苔薄白，脉细弱，指纹淡红,补益心脾，养血安神,归脾汤合温胆汤加减,罕见,极难
儿科,痫病 , 肝肾阴虚证,先天禀赋不足，肝肾阴虚，脑窍失养,发作时神志不清，抽搐舒缓，手足心热,发作时神志不清，抽搐舒缓，手足心热，头晕耳鸣，舌质红，苔少或无苔，脉细数，指纹淡紫,滋养肝肾，益精填髓,左归丸加减,罕见,绝症
儿科,水肿 , 风水相搏证,外感风邪，肺气失宣，通调水道失常，水湿泛溢,眼睑浮肿，继则全身，伴发热恶风,眼睑浮肿，继则全身，伴发热恶风，咳嗽，咽痛，小便短黄，舌质红，苔薄黄，脉浮数，指纹浮紫,疏风解表，利水消肿,麻黄连翘赤小豆汤加减,常见,一般
儿科,水肿 , 湿热内侵证,外感湿热之邪，或乳食积滞化热，湿热蕴结，水湿泛溢,全身浮肿，小便短黄，伴发热口苦,全身浮肿，小便短黄，伴发热口苦，烦躁不安，舌质红，苔黄腻，脉滑数，指纹紫,清热利湿，利水消肿,五味消毒饮合五皮饮加减,常见,较难
儿科,水肿 , 肺脾气虚证,脾胃虚弱，肺气不足，运化失司，通调水道失常,浮肿较轻，神疲乏力，食欲不振,浮肿较轻，神疲乏力，食欲不振，面色萎黄，大便溏薄，舌质淡，苔薄白，脉细弱，指纹淡红,健脾益气，利水消肿,参苓白术散合玉屏风散加减,常见,一般
儿科,水肿 , 脾肾阳虚证,脾胃虚寒日久，累及肾阳，脾肾阳虚，运化失司，水湿泛溢,全身浮肿，腰腹以下为甚，畏寒肢冷,全身浮肿，腰腹以下为甚，畏寒肢冷，面色?白，精神萎靡，大便溏薄，小便清长，舌质淡，苔白滑，脉沉迟，指纹淡红,温补脾肾，利水消肿,真武汤合实脾饮加减,少见,较难
儿科,水肿 , 阴虚邪恋证,病程日久，耗伤阴液，阴虚内热，余邪留恋,浮肿较轻，手足心热，盗汗颧红,浮肿较轻，手足心热，盗汗颧红，口干咽燥，舌质红，苔少或无苔，脉细数，指纹淡紫,滋阴补肾，兼清余热,六味地黄丸合二至丸加减,少见,较难
儿科,尿血 , 风热伤络证,外感风热之邪，侵袭肾络，损伤血络,尿血鲜红，伴发热咽痛，舌红苔薄黄,尿血鲜红，伴发热咽痛，咳嗽，头痛，舌质红，苔薄黄，脉浮数，指纹浮紫,疏风清热，凉血止血,银翘散合小蓟饮子加减,少见,一般
儿科,尿血 , 湿热下注证,外感湿热之邪，或乳食积滞化热，湿热蕴结下焦，损伤血络,尿血鲜红或暗红，小便短黄，伴尿频尿急,尿血鲜红或暗红，小便短黄，伴尿频尿急，尿痛，舌质红，苔黄腻，脉滑数，指纹紫,清热利湿，凉血止血,小蓟饮子加减,少见,较难
儿科,尿血 , 阴虚火旺证,久病耗伤阴液，肝肾阴虚，虚火内生，损伤血络,尿血暗红，手足心热，盗汗颧红,尿血暗红，手足心热，盗汗颧红，口干咽燥，头晕目眩，舌质红，苔少或无苔，脉细数，指纹淡紫,滋阴降火，凉血止血,知柏地黄丸加减,罕见,较难
儿科,尿血 , 脾肾两虚证,脾胃虚弱，肾气不足，脾不统血，肾不固血,尿血淡红，神疲乏力，食欲不振,尿血淡红，神疲乏力，食欲不振，面色萎黄，腰膝酸软，舌质淡，苔薄白，脉细弱，指纹淡红,健脾益气，补肾止血,归脾汤合无比山药丸加减,罕见,较难
儿科,尿频 , 湿热下注证,外感湿热之邪，或乳食积滞化热，湿热蕴结下焦，膀胱气化失常,尿频尿急，小便短黄，伴尿痛,尿频尿急，小便短黄，伴尿痛，舌质红，苔黄腻，脉滑数，指纹紫,清热利湿，通利膀胱,八正散加减,常见,一般
儿科,尿频 , 脾肾两虚证,脾胃虚弱，肾气不足，脾失运化，肾失固摄，膀胱气化失常,尿频清长，神疲乏力，食欲不振,尿频清长，神疲乏力，食欲不振，面色萎黄，腰膝酸软，舌质淡，苔薄白，脉细弱，指纹淡红,健脾益气，补肾固涩,缩泉丸合参苓白术散加减,常见,一般
儿科,遗尿 , 肾气不足证,先天禀赋不足，肾气亏虚，膀胱失约,夜间遗尿，醒后方觉，腰膝酸软,夜间遗尿，醒后方觉，腰膝酸软，畏寒肢冷，面色?白，舌质淡，苔白滑，脉沉迟，指纹淡红,温补肾阳，固涩膀胱,菟丝子散加减,常见,一般
儿科,遗尿 , 脾肺气虚证,脾胃虚弱，肺气不足，脾失运化，肺失宣降，膀胱失约,夜间遗尿，神疲乏力，食欲不振,夜间遗尿，神疲乏力，食欲不振，面色萎黄，大便溏薄，舌质淡，苔薄白，脉细弱，指纹淡红,健脾益气，补肺固涩,补中益气汤合缩泉丸加减,常见,一般
儿科,遗尿 , 心肾不交证,心火亢盛，肾水不足，心肾不交，膀胱失约,夜间遗尿，烦躁不安，手足心热,夜间遗尿，烦躁不安，手足心热，口干咽燥，舌质红，苔少或无苔，脉细数，指纹淡紫,清心滋肾，安神固脬,导赤散合交泰丸加减,少见,较难
儿科,五迟、五软 , 肝肾亏损证,先天禀赋不足，肝肾阴虚，精血不足，筋骨失养,立迟、行迟、齿迟，头项软、手足软,立迟、行迟、齿迟，头项软、手足软，头晕耳鸣，舌质红，苔少或无苔，脉细数，指纹淡紫,滋养肝肾，益精填髓,加味六味地黄丸加减,罕见,极难
儿科,五迟、五软 , 心脾两虚证,脾胃虚弱，气血不足，心脾失养，脑窍失荣,语迟、发迟，肌肉软、口软,语迟、发迟，肌肉软、口软，神疲乏力，食欲不振，面色萎黄，舌质淡，苔薄白，脉细弱，指纹淡红,补益心脾，养血安神,归脾汤加减,罕见,较难
儿科,五迟、五软 , 痰瘀阻滞证,外伤或久病，痰瘀互结，阻滞经络，脑窍失养,发育迟缓，肢体僵硬，舌有瘀点,发育迟缓，肢体僵硬，头项软，舌质紫暗或有瘀点，苔白腻，脉涩，指纹紫滞,化痰开窍，活血通络,通窍活血汤合二陈汤加减,罕见,极难
儿科,性早熟 , 阴虚火旺证,先天禀赋不足，或饮食不节，阴虚内热，相火妄动,第二性征提前出现，手足心热，盗汗颧红,第二性征提前出现，手足心热，盗汗颧红，口干咽燥，舌质红，苔少或无苔，脉细数，指纹淡紫,滋阴降火,知柏地黄丸加减,少见,较难
儿科,性早熟 , 肝郁化火证,情志失调，肝气郁结，化火妄动，相火亢进,第二性征提前出现，烦躁易怒，面赤口苦,第二性征提前出现，烦躁易怒，面赤口苦，头晕目眩，舌质红，苔薄黄，脉弦数，指纹紫,疏肝泻火,丹栀逍遥散加减,少见,较难
儿科,麻疹 , 邪郁肺卫证（初热期）,外感麻毒之邪，侵袭肺卫，肺气失宣,发热恶寒，咳嗽流涕，口腔麻疹黏膜斑,发热恶寒，咳嗽流涕，鼻塞喷嚏，咽痛，口腔两颊黏膜出现麻疹黏膜斑，舌质红，苔薄白或薄黄，脉浮数，指纹浮紫,辛凉透表，清宣肺卫,银翘散加减,少见,一般
儿科,麻疹 , 邪入肺胃证（出疹期）,麻毒之邪由肺入胃，气分热盛，透发皮疹,高热不退，皮疹按序透发，色红灼热,高热不退，烦躁口渴，皮疹按耳后、发际、面部、躯干、四肢顺序透发，色红灼热，舌质红，苔黄腻，脉洪数，指纹紫滞,清热解毒，透疹达邪,清解透表汤加减,少见,较难
儿科,麻疹 , 邪毒闭肺证（并发症）,麻毒之邪炽盛，内陷肺脏，肺气郁闭,高热喘促，咳嗽痰壅，皮疹透发不畅,高热喘促，咳嗽痰壅，鼻翼扇动，口唇青紫，皮疹透发不畅或骤然隐退，舌质红，苔黄腻，脉滑数，指纹紫滞,宣肺开闭，清热解毒,麻杏石甘汤加减,罕见,极难
儿科,麻疹 , 邪毒攻喉证（并发症）,麻毒之邪上攻咽喉，咽喉肿痛，气道受阻,咽喉肿痛，声音嘶哑，犬吠样咳嗽,咽喉肿痛，声音嘶哑，犬吠样咳嗽，吸气性呼吸困难，舌质红，苔黄腻，脉洪数，指纹紫,清热解毒，利咽消肿,清咽下痰汤加减,罕见,极难
儿科,麻疹 , 邪陷心肝证（并发症）,麻毒之邪炽盛，内陷厥阴，蒙蔽心包，热盛动风,高热神昏，烦躁抽搐，皮疹紫暗,高热神昏，烦躁抽搐，皮疹紫暗或隐退，舌质红绛，苔黄燥，脉弦数，指纹紫滞,平肝息风，清心开窍,羚角钩藤汤加减,罕见,绝症
儿科,风疹 , 邪郁肺卫证,外感风疹时邪，侵袭肺卫，肺气失宣,低热咳嗽，皮疹稀疏，色淡红,低热咳嗽，鼻塞流涕，皮疹稀疏，色淡红，先起于面部，后蔓延全身，舌质红，苔薄白，脉浮数，指纹浮紫,疏风清热，解表透疹,银翘散加减,常见,一般
儿科,风疹 , 邪热炽盛证,风疹时邪入里，气分热盛，透发皮疹,高热不退，皮疹稠密，色鲜红,高热不退，烦躁口渴，皮疹稠密，色鲜红或紫暗，舌质红，苔黄腻，脉洪数，指纹紫滞,清热解毒，凉血透疹,透疹凉解汤加减,少见,较难
儿科,猩红热 , 邪侵肺卫证,外感猩红热时邪，侵袭肺卫，肺气失宣,发热恶寒，咽喉肿痛，皮疹初现,发热恶寒，咽喉肿痛，吞咽困难，皮疹初见颈、胸、腋下，舌质红，苔薄白或薄黄，脉浮数，指纹浮紫,辛凉宣透，清热利咽,解肌透痧汤加减,少见,一般
儿科,猩红热 , 毒炽气营证,猩红热时邪入里，气营两燔，透发皮疹,高热烦躁，皮疹弥漫，色红如丹,高热烦躁，口渴咽痛，皮疹弥漫全身，色红如丹，压之退色，草莓舌，环口苍白圈，舌质红绛，苔黄燥，脉洪数，指纹紫滞,清气凉营，泻火解毒,凉营清气汤加减,少见,较难
儿科,猩红热 , 疹后阴伤证,猩红热时邪消退，耗伤阴液，肺胃阴虚,皮疹消退，口干咽燥，皮肤脱屑,皮疹消退，皮肤脱屑，口干咽燥，手足心热，舌质红，苔少或无苔，脉细数，指纹淡紫,养阴生津，清热润喉,沙参麦冬汤加减,少见,一般
儿科,水痘 , 邪伤肺卫证,外感水痘时邪，侵袭肺卫，肺气失宣,低热咳嗽，皮疹稀疏，斑丘疹、疱疹并见,低热咳嗽，鼻塞流涕，皮疹稀疏，先为斑丘疹，后变为疱疹，疱浆清亮，舌质红，苔薄白，脉浮数，指纹浮紫,疏风清热，利湿解毒,银翘散加减,常见,一般
儿科,水痘 , 邪炽气营证,水痘时邪入里，气营两燔，透发皮疹,高热烦躁，皮疹稠密，疱浆混浊,高热烦躁，口渴咽痛，皮疹稠密，疱浆混浊，色泽紫暗，舌质红绛，苔黄腻，脉洪数，指纹紫滞,清气凉营，解毒化湿,清胃解毒汤加减,少见,较难
儿科,手足口病 , 风热外侵证,外感手足口病时邪，侵袭肺脾，肺气失宣，脾失运化,低热咳嗽，手足口腔散在疱疹,低热咳嗽，鼻塞流涕，手足、口腔散在疱疹，疱浆清亮，舌质红，苔薄白或薄黄，脉浮数，指纹浮紫,疏风清热，利湿解毒,银翘散合甘露消毒丹加减,常见,一般
儿科,手足口病 , 湿热蒸盛证,手足口病时邪入里，湿热炽盛，熏蒸肌肤,高热不退，手足口腔疱疹稠密，疱浆混浊,高热不退，烦躁口渴，手足、口腔疱疹稠密，疱浆混浊，色泽紫暗，舌质红，苔黄腻，脉滑数，指纹紫滞,清热凉营，解毒祛湿,清瘟败毒饮加减,少见,较难
儿科,流行性腮腺炎 , 邪犯少阳证,外感流行性腮腺炎时邪，侵袭少阳，经络阻滞,发热恶寒，腮腺肿胀，胀痛,发热恶寒，一侧或双侧腮腺肿胀，胀痛，张口咀嚼困难，舌质红，苔薄白或薄黄，脉浮数，指纹浮紫,疏风清热，散结消肿,柴胡葛根汤加减,常见,一般
儿科,流行性腮腺炎 , 热毒蕴结证,流行性腮腺炎时邪入里，热毒炽盛，经络阻滞,高热不退，腮腺肿胀明显，疼痛剧烈,高热不退，烦躁口渴，一侧或双侧腮腺肿胀明显，疼痛剧烈，张口困难，舌质红，苔黄腻，脉洪数，指纹紫滞,清热解毒，软坚散结,普济消毒饮加减,少见,较难
儿科,流行性腮腺炎 , 邪陷心肝证（并发症）,流行性腮腺炎时邪炽盛，内陷厥阴，蒙蔽心包，热盛动风,高热神昏，烦躁抽搐，腮腺肿胀,高热神昏，烦躁抽搐，腮腺肿胀明显，舌质红绛，苔黄燥，脉弦数，指纹紫滞,平肝息风，清心开窍,羚角钩藤汤加减,罕见,极难
儿科,流行性腮腺炎 , 毒窜睾腹证（并发症）,流行性腮腺炎时邪循经窜扰睾腹，经络阻滞,腮腺肿胀，睾丸肿痛或少腹疼痛,腮腺肿胀，睾丸肿痛，或少腹疼痛，舌质红，苔黄腻，脉弦数，指纹紫,清热解毒，活血止痛,龙胆泻肝汤加减,罕见,较难
儿科,流行性乙型脑炎 , 邪犯卫气证,外感流行性乙型脑炎时邪，侵袭卫气，肺气失宣,发热恶寒，头痛嗜睡，恶心呕吐,发热恶寒，头痛嗜睡，恶心呕吐，口渴咽痛，舌质红，苔薄白或薄黄，脉浮数，指纹浮紫,辛凉透表，清热解毒,银翘散合白虎汤加减,少见,较难
儿科,流行性乙型脑炎 , 邪炽气营证,流行性乙型脑炎时邪入里，气营两燔，热盛动风,高热烦躁，神昏抽搐，颈项强直,高热烦躁，神昏抽搐，颈项强直，呕吐频繁，舌质红绛，苔黄燥，脉弦数，指纹紫滞,清气凉营，泻火解毒,清瘟败毒饮加减,罕见,极难
儿科,流行性乙型脑炎 , 邪入营血证,流行性乙型脑炎时邪深入营血，热盛动血，耗伤阴液,高热神昏，抽搐剧烈，皮肤瘀斑,高热神昏，抽搐剧烈，皮肤瘀斑，吐血便血，舌质红绛，苔少或无苔，脉细数，指纹紫滞,凉血解毒，开窍息风,犀角地黄汤合增液汤加减,罕见,绝症
儿科,流行性乙型脑炎 , 恢复期（气阴两虚证）,流行性乙型脑炎后期，气阴耗伤，余热未清,低热盗汗，神疲乏力，口干咽燥,低热盗汗，神疲乏力，口干咽燥，肢体拘挛，舌质红，苔少或无苔，脉细数，指纹淡紫,益气养阴，清解余热,生脉散合青蒿鳖甲汤加减,罕见,较难
儿科,百日咳 , 邪犯肺卫证（初咳期）,外感百日咳时邪，侵袭肺卫，肺气失宣,咳嗽流涕，咳声轻微，逐渐加重,咳嗽流涕，咳声轻微，逐渐加重，夜间为甚，舌质红，苔薄白或薄黄，脉浮数，指纹浮紫,疏风清热，宣肺止咳,银翘散加减,少见,一般
儿科,百日咳 , 痰火阻肺证（痉咳期）,百日咳时邪入里，痰火互结，阻滞气道,阵发性痉挛性咳嗽，咳后鸡鸣样回声,阵发性痉挛性咳嗽，咳后鸡鸣样回声，咳嗽剧烈时面红目赤，呕吐痰涎，舌质红，苔黄腻，脉滑数，指纹紫滞,清热泻肺，涤痰镇咳,桑白皮汤合葶苈大枣泻肺汤加减,少见,极难
儿科,百日咳 , 气阴耗伤证（恢复期）,百日咳后期，痰火渐退，气阴耗伤,咳嗽减轻，神疲乏力，盗汗口干,咳嗽减轻，神疲乏力，盗汗口干，舌质红，苔少或无苔，脉细数，指纹淡紫,益气养阴，润肺止咳,沙参麦冬汤加减,少见,一般
儿科,蛔虫病 , 肠虫证,蛔虫寄生肠道，气机阻滞，脾胃失运,脐周腹痛，时作时止，食欲不振,脐周腹痛，时作时止，食欲不振，恶心呕吐，或大便排出蛔虫，舌质淡，苔薄白或薄腻，脉滑，指纹淡红,驱蛔杀虫，调理脾胃,使君子散加减,常见,一般
儿科,蛔虫病 , 蛔厥证（胆道蛔虫）,蛔虫上窜胆道，气机阻滞，湿热内生,突发右上腹剧烈疼痛，弯腰屈膝，恶心呕吐,突发右上腹剧烈疼痛，弯腰屈膝，辗转不安，恶心呕吐，或吐蛔虫，舌质红，苔黄腻，脉弦数，指纹紫,安蛔定痛，驱虫排蛔,乌梅丸加减,少见,极难
儿科,蛔虫病 , 虫瘕证（蛔虫性肠梗阻）,蛔虫团聚肠道，形成梗阻，气机阻滞,腹痛剧烈，腹胀拒按，大便不通,腹痛剧烈，腹胀拒按，大便不通，腹部可扪及条索状包块，舌质红，苔黄腻，脉弦数，指纹紫滞,通腑散结，驱虫止痛,驱蛔承气汤加减,罕见,极难
儿科,蛲虫病 , 虫扰肠道证,蛲虫寄生肠道，夜间爬出肛门产卵，刺激肛周,夜间肛周瘙痒，睡眠不安，食欲不振,夜间肛周瘙痒，睡眠不安，食欲不振，大便可查见蛲虫卵，舌质淡，苔薄白，脉滑，指纹淡红,驱虫止痒，调理脾胃,追虫丸加减,常见,一般
儿科,发热 , 外感发热（风寒束表证）,外感风寒之邪，束表卫闭，阳气被遏,发热恶寒，无汗头痛，鼻塞流清涕,发热恶寒，无汗头痛，鼻塞流清涕，咳嗽，舌质淡红，苔薄白，脉浮紧，指纹浮红,辛温解表，宣肺散寒,荆防败毒散加减,常见,一般
儿科,发热 , 外感发热（风热犯表证）,外感风热之邪，犯表卫开，肺失宣肃,发热恶风，有汗头痛，鼻塞流浊涕,发热恶风，有汗头痛，鼻塞流浊涕，咳嗽咽痛，舌质红，苔薄黄，脉浮数，指纹浮紫,辛凉解表，宣肺清热,银翘散加减,常见,一般
儿科,发热 , 外感发热（暑湿袭表证）,外感暑湿之邪，袭表困脾，卫表失宣,发热无汗，身重困倦，胸闷呕恶,发热无汗，身重困倦，胸闷呕恶，食欲不振，舌质红，苔黄腻，脉滑数，指纹紫滞,清暑解表，化湿和中,新加香薷饮加减,常见,一般
儿科,发热 , 内伤发热（阴虚发热证）,体质虚弱，久病伤阴，阴虚内热,低热盗汗，手足心热，口干咽燥,低热盗汗，手足心热，口干咽燥，舌质红，苔少或无苔，脉细数，指纹淡紫,滋阴清热,知柏地黄丸加减,少见,较难
儿科,发热 , 内伤发热（气虚发热证）,脾胃虚弱，气虚下陷，虚热内生,低热自汗，神疲乏力，食欲不振,低热自汗，神疲乏力，食欲不振，面色萎黄，舌质淡，苔薄白，脉细弱，指纹淡红,益气健脾，甘温除热,补中益气汤加减,少见,一般
儿科,夏季热 , 暑伤肺胃证,夏季暑热之邪侵袭肺胃，耗伤津气,夏季长期发热，口渴多饮，多尿少汗,夏季长期发热，口渴多饮，多尿少汗，烦躁不安，舌质红，苔薄黄，脉数，指纹紫,清暑益气，养阴生津,王氏清暑益气汤加减,常见,一般
儿科,夏季热 , 上盛下虚证,夏季暑热之邪侵袭，上盛下虚，肾阳不足,夏季长期发热，口渴多饮，下肢欠温,夏季长期发热，口渴多饮，多尿少汗，下肢欠温，精神萎靡，舌质淡，苔薄黄，脉细数，指纹淡红,温补肾阳，清泻暑热,温下清上汤加减,少见,较难
儿科,传染性单核细胞增多症 , 邪郁肺卫证,外感传染性单核细胞增多症时邪，侵袭肺卫，肺气失宣,发热恶寒，咳嗽流涕，咽峡肿痛,发热恶寒，咳嗽流涕，咽峡肿痛，颈部淋巴结肿大，舌质红，苔薄白或薄黄，脉浮数，指纹浮紫,疏风清热，宣肺利咽,银翘散加减,少见,一般
儿科,传染性单核细胞增多症 , 热毒炽盛证,传染性单核细胞增多症时邪入里，热毒炽盛，气营两燔,高热不退，咽峡肿痛明显，皮疹,高热不退，烦躁口渴，咽峡肿痛明显，扁桃体有白色腐物，颈部淋巴结肿大，皮疹，舌质红绛，苔黄腻，脉洪数，指纹紫滞,清热解毒，凉血利咽,普济消毒饮加减,罕见,较难
儿科,传染性单核细胞增多症 , 痰热瘀阻证,传染性单核细胞增多症时邪入里，痰热瘀结，阻滞经络,高热不退，淋巴结肿大明显，肝脾肿大,高热不退，淋巴结肿大明显，肝脾肿大，舌质紫暗或有瘀点，苔黄腻，脉滑数，指纹紫滞,清热化痰，活血散结,黛蛤散合桃仁红花煎加减,罕见,极难
儿科,皮肤黏膜淋巴结综合征 , 卫气同病证,外感皮肤黏膜淋巴结综合征时邪，侵袭卫气，肺气失宣,发热恶寒，皮疹初现，颈部淋巴结肿大,发热恶寒，皮疹初现，颈部淋巴结肿大，口腔黏膜充血，舌质红，苔薄白或薄黄，脉浮数，指纹浮紫,辛凉透表，清热解毒,银翘散合白虎汤加减,罕见,较难
儿科,皮肤黏膜淋巴结综合征 , 气营两燔证,皮肤黏膜淋巴结综合征时邪入里，气营两燔，热盛动血,高热不退，皮疹稠密，手足硬肿,高热不退，烦躁口渴，皮疹稠密，手足硬肿，眼结膜充血，口腔黏膜充血皲裂，颈部淋巴结肿大，舌质红绛，苔黄燥，脉洪数，指纹紫滞,清气凉营，解毒化瘀,清瘟败毒饮加减,罕见,极难
儿科,皮肤黏膜淋巴结综合征 , 恢复期（气阴两虚证）,皮肤黏膜淋巴结综合征后期，气阴耗伤，余热未清,低热盗汗，神疲乏力，手足脱皮,低热盗汗，神疲乏力，手足脱皮，口干咽燥，舌质红，苔少或无苔，脉细数，指纹淡紫,益气养阴，清解余热,生脉散合沙参麦冬汤加减,罕见,一般
儿科,皮肤黏膜淋巴结综合征 , 恢复期（阴虚内热证）,病后阴液耗伤，虚热内生,低热不退，手足心热，口干咽燥,低热不退，手足心热，口干咽燥，手足脱皮，舌质红，苔少，脉细数，指纹淡紫,滋阴清热，生津润燥,知柏地黄丸合沙参麦冬汤加减,罕见,较难
儿科,紫癜 , 风热伤络证,外感风热之邪，侵袭血络，血热妄行,起病急，紫癜色鲜红，伴发热咽痛,起病急，紫癜色鲜红，散在分布，伴发热咽痛，咳嗽，舌质红，苔薄黄，脉浮数，指纹浮紫,疏风清热，凉血止血,银翘散合犀角地黄汤加减,常见,一般
儿科,紫癜 , 血热妄行证,热毒炽盛，迫血妄行，损伤血络,紫癜密集，色鲜红或紫红，伴高热烦躁,紫癜密集，色鲜红或紫红，伴高热烦躁，口渴咽痛，大便干结，小便短黄，舌质红绛，苔黄燥，脉洪数，指纹紫滞,清热解毒，凉血止血,清瘟败毒饮加减,少见,较难
儿科,紫癜 , 气不摄血证,脾胃虚弱，气虚不能统血，血溢脉外,紫癜色淡红，反复发作，神疲乏力,紫癜色淡红，反复发作，神疲乏力，食欲不振，面色萎黄，舌质淡，苔薄白，脉细弱，指纹淡红,健脾益气，摄血止血,归脾汤加减,少见,较难
儿科,紫癜 , 阴虚火旺证,久病耗伤阴液，肝肾阴虚，虚火内生，灼伤血络,紫癜色暗红，手足心热，盗汗颧红,紫癜色暗红，手足心热，盗汗颧红，口干咽燥，舌质红，苔少或无苔，脉细数，指纹淡紫,滋阴降火，凉血止血,大补阴丸加减,罕见,较难
儿科,湿疹 , 湿热蕴肤证,外感湿热之邪，或饮食不节，湿热内生，蕴结肌肤,皮疹红肿，瘙痒剧烈，渗液多,皮疹红肿，瘙痒剧烈，渗液多，伴发热烦躁，大便干结，小便短黄，舌质红，苔黄腻，脉滑数，指纹紫,清热利湿，祛风止痒,龙胆泻肝汤合萆薢渗湿汤加减,常见,较难
儿科,湿疹 , 脾虚湿蕴证,脾胃虚弱，运化失常，水湿内生，蕴结肌肤,皮疹淡红，瘙痒较轻，渗液少,皮疹淡红，瘙痒较轻，渗液少，伴神疲乏力，食欲不振，大便溏薄，舌质淡，苔白腻，脉滑，指纹淡红,健脾利湿，祛风止痒,参苓白术散合除湿胃苓汤加减,常见,一般
儿科,湿疹 , 血虚风燥证,久病耗伤阴血，血虚生风，肌肤失养,皮疹干燥，瘙痒，脱屑,皮疹干燥，瘙痒，脱屑，伴面色萎黄，口干咽燥，舌质红，苔少或无苔，脉细数，指纹淡紫,养血润燥，祛风止痒,当归饮子加减,少见,较难
儿科,维生素D缺乏性佝偻病 , 肺脾气虚证,脾胃虚弱，肺气不足，运化失司，生化乏源，筋骨失养,多汗易惊，烦躁不安，肌肉松软,多汗易惊，烦躁不安，肌肉松软，食欲不振，面色少华，舌质淡，苔薄白，脉细弱，指纹淡红,健脾补肺，益气生津,人参五味子汤合玉屏风散加减,常见,一般
儿科,维生素D缺乏性佝偻病 , 脾虚肝旺证,脾胃虚弱，气血不足，肝失濡养，虚风内动,烦躁易怒，夜啼不安，枕秃多汗,烦躁易怒，夜啼不安，枕秃多汗，肌肉松软，舌质淡，苔薄白，脉弦细，指纹淡红,健脾平肝，息风止动,益脾镇惊散加减,常见,一般
儿科,维生素D缺乏性佝偻病 , 肾精亏损证,先天禀赋不足，肾精亏虚，筋骨失养,骨骼畸形，发育迟缓，囟门迟闭,骨骼畸形（鸡胸、漏斗胸、O型腿、X型腿），发育迟缓，囟门迟闭，舌质红，苔少或无苔，脉细数，指纹淡紫,补肾填精，强筋健骨,补肾地黄丸加减,少见,极难
儿科,肺炎喘嗽 , 痰瘀闭肺证,痰热瘀结，阻滞肺络，肺气郁闭,咳嗽喘促，痰稠色黄，唇甲青紫,咳嗽喘促，痰稠色黄，唇甲青紫，胸痛固定，舌质紫暗或有瘀点，苔黄腻，脉滑数，指纹紫滞,清热化痰，活血化瘀,麻杏石甘汤合桃红四物汤加减,少见,极难
儿科,哮喘 , 肺实肾虚证（缓解期）,肺气亏虚，肾气不足，痰饮内伏,气短乏力，腰膝酸软，遇寒易发作,气短乏力，腰膝酸软，遇寒易发作，自汗盗汗，舌质淡，苔薄白，脉细弱，指纹淡红,补肺益肾，化痰止咳,玉屏风散合肾气丸加减,常见,较难
儿科,反复呼吸道感染 , 营卫失调证,营卫不和，卫气不固，易受外邪,反复外感，汗出不温，低热,反复外感，汗出不温，低热，面色苍白，精神萎靡，舌质淡，苔薄白，脉缓，指纹淡红,调和营卫,黄芪桂枝五物汤加减,常见,一般
儿科,泄泻 , 伤阴证,泄泻日久，耗伤阴液，阴虚内热,大便干结，口干咽燥，小便短黄,大便干结，口干咽燥，小便短黄，烦躁不安，舌质红，苔少或无苔，脉细数，指纹淡紫,滋阴生津，清热止泻,连梅汤加减,少见,较难
儿科,泄泻 , 伤阳证,泄泻日久，耗伤阳气，脾肾阳虚,大便澄澈清冷，完谷不化，形寒肢冷,大便澄澈清冷，完谷不化，形寒肢冷，面色?白，精神萎靡，舌质淡，苔白滑，脉沉迟，指纹淡红,温补脾肾，固涩止泻,附子理中汤合四神丸加减,少见,较难
儿科,厌食 , 肝脾不和证,情志失调，肝气郁结，横逆犯脾，脾失健运,食欲不振，烦躁易怒，腹胀,食欲不振，烦躁易怒，腹胀，嗳气频繁，舌质红，苔薄黄，脉弦，指纹紫,疏肝理气，健脾助运,逍遥散加减,常见,一般
儿科,积滞 , 气滞血瘀证,积滞日久，气机不畅，瘀血内生,脘腹胀满坚硬，青筋显露，疼痛固定,脘腹胀满坚硬，青筋显露，疼痛固定不移，大便干结，舌质紫暗或有瘀点，苔厚腻，脉涩，指纹紫滞,理气活血，消积止痛,血府逐瘀汤合保和丸加减,罕见,极难
儿科,汗证 , 阳虚自汗证,脾胃虚寒，阳气不足，卫外不固，津液外泄,自汗为主，畏寒肢冷，神疲乏力,自汗为主，畏寒肢冷，神疲乏力，面色?白，大便溏薄，舌质淡，苔白滑，脉沉迟，指纹淡红,温补阳气，固表止汗,桂枝加附子汤加减,少见,一般
儿科,病毒性心肌炎 , 风热湿毒证,外感风热湿毒，侵袭于心，损伤心肌,发热咽痛，胸闷心悸，肢体酸痛,发热咽痛，胸闷心悸，肢体酸痛，恶心呕吐，舌质红，苔黄腻，脉滑数或结代，指纹紫,清热祛湿，解毒宁心,甘露消毒丹加减,罕见,极难
儿科,注意力缺陷多动障碍 , 痰瘀互结证,饮食不节，痰湿内生，瘀血阻滞，脑窍失养,多动不宁，注意力不集中，肢体僵硬,多动不宁，注意力不集中，肢体僵硬，舌质紫暗或有瘀点，苔白腻，脉涩，指纹紫滞,化痰活血，开窍益智,通窍活血汤合二陈汤加减,少见,极难
儿科,抽动障碍 , 痰热动风证,饮食不节，痰湿内生，化热动风，扰动经络,抽动频繁，烦躁易怒，面赤口苦,抽动频繁，烦躁易怒，面赤口苦，大便干结，小便短黄，舌质红，苔黄腻，脉滑数，指纹紫,清热化痰，息风止动,黄连温胆汤合羚角钩藤汤加减,少见,较难
儿科,水肿 , 血瘀水停证,水肿日久，气机不畅，瘀血内生，水瘀互结,水肿不退，肢体麻木，疼痛固定,水肿不退，肢体麻木，疼痛固定不移，舌质紫暗或有瘀点，苔薄白，脉涩，指纹紫滞,活血化瘀，利水消肿,桃红四物汤合五苓散加减,罕见,极难
儿科,尿血 , 气滞血瘀证,情志失调，肝气郁结，瘀血内生，阻滞血络,尿血暗红，腹痛固定，烦躁易怒,尿血暗红，腹痛固定不移，烦躁易怒，舌质紫暗或有瘀点，苔薄黄，脉弦涩，指纹紫,理气活血，凉血止血,血府逐瘀汤加减,罕见,极难
儿科,尿频 , 阴虚内热证,久病耗伤阴液，肾阴不足，虚火内生，膀胱气化失常,尿频短黄，手足心热，口干咽燥,尿频短黄，手足心热，口干咽燥，舌质红，苔少或无苔，脉细数，指纹淡紫,滋阴清热，通利膀胱,知柏地黄丸加减,少见,较难
儿科,遗尿 , 肺脾气虚兼肾虚证,脾胃虚弱，肺气不足，肾气亏虚，膀胱失约,夜间遗尿，神疲乏力，腰膝酸软,夜间遗尿，神疲乏力，腰膝酸软，食欲不振，面色萎黄，舌质淡，苔薄白，脉细弱，指纹淡红,健脾补肺，温肾固涩,补中益气汤合菟丝子散加减,少见,较难
儿科,五迟、五软 , 气血两虚证,脾胃虚弱，气血生化无源，脑窍、筋骨失养,发育迟缓，面色苍白，神疲乏力,发育迟缓，面色苍白，神疲乏力，食欲不振，舌质淡，苔薄白，脉细弱，指纹淡红,益气养血，健脾补肾,八珍汤合六味地黄丸加减,罕见,极难
儿科,性早熟 , 痰湿壅滞证,饮食不节，痰湿内生，阻滞经络，冲任失调,第二性征提前出现，形体肥胖，胸闷痰多,第二性征提前出现，形体肥胖，胸闷痰多，食欲不振，舌质淡，苔白腻，脉滑，指纹淡红,化痰祛湿，疏肝理气,二陈汤合逍遥散加减,少见,较难
儿科,流行性乙型脑炎 , 痰蒙清窍证（恢复期）,病后痰浊内生，蒙蔽清窍,神志不清，痴呆，肢体拘挛,神志不清，痴呆，肢体拘挛，痰多，舌质淡，苔白腻，脉滑，指纹淡滞,化痰开窍，醒神益智,涤痰汤加减,罕见,极难
儿科,百日咳 , 肺脾气虚证（恢复期）,病后肺脾气虚，气阴耗伤,咳嗽减轻，神疲乏力，食欲不振,咳嗽减轻，神疲乏力，食欲不振，面色萎黄，舌质淡，苔薄白，脉细弱，指纹淡红,健脾补肺，益气养阴,人参五味子汤合沙参麦冬汤加减,少见,一般
