类别,方剂名称,组成（原方剂量 + 现代参考量）,用法,功用,主治,证治机理,方解（君臣佐使）,配伍特点,运用（辨证要点 + 禁忌）
解表剂?辛温解表,麻黄汤,麻黄去节，三两（9g）、桂枝去皮，二两（6g）、杏仁去皮尖，七十个（9g）、甘草炙，一两（3g）,水煎服，温覆取微汗,发汗解表，宣肺平喘,外感风寒表实证：恶寒发热，头身疼痛，无汗而喘，舌苔薄白，脉浮紧,风寒束表，卫闭营郁，毛窍闭塞，肺气失宣,君：麻黄；臣：桂枝；佐：杏仁；使：甘草,麻桂相须，开腠畅营；麻杏相使，宣降相宜,辨证要点：恶寒发热、无汗而喘、脉浮紧；禁忌：疮家、淋家、衄家、亡血家禁用
解表剂?辛温解表,大青龙汤,麻黄去节，六两（12g）、桂枝二两（6g）、甘草炙，二两（6g）、杏仁去皮尖，四十粒（6g）、石膏如鸡子大（18g）、生姜三两（9g）、大枣十二枚（6g）,水煎温服，取微汗,发汗解表，兼清里热,外感风寒内有郁热证；溢饮：身体疼重，四肢浮肿，恶寒身热无汗烦躁,风寒束表，阳气内郁化热；或风寒外束，水饮溢于四肢,君：麻黄；臣：桂枝、石膏；佐：杏仁、生姜、大枣；使：甘草,寒温并用，表里同治，重在辛温发汗,辨证要点：恶寒发热、无汗、烦躁、脉浮紧；表虚者禁用
解表剂?辛温解表,桂枝汤,桂枝去皮，三两（9g）、芍药三两（9g）、甘草炙，二两（6g）、生姜切，三两（9g）、大枣擘，十二枚（6g）,水煎服，温覆取微汗，服后啜热稀粥,解肌发表，调和营卫,外感风寒表虚证：恶风发热，汗出头痛，鼻鸣干呕，苔白不渴，脉浮缓或浮弱,外感风寒，营卫不和（卫强营弱）,君：桂枝；臣：芍药；佐：生姜、大枣；使：甘草,辛散与酸收相配，散中有收；助阳与益阴同用，营卫并调,辨证要点：恶风、发热、汗出、脉浮缓；禁忌：禁生冷、黏滑等物
解表剂?辛温解表,九味羌活汤,羌活（9g）、防风（9g）、苍术（9g）、细辛（3g）、川芎（6g）、香白芷（6g）、生地黄（6g）、黄芩（6g）、甘草（6g）,水煎服,发汗祛湿，兼清里热,外感风寒湿邪内有蕴热证：恶寒发热无汗，头痛项强，肢体酸楚疼痛，口苦微渴,外感风寒湿邪，郁遏卫阳，闭塞腠理；里有蕴热,君：羌活；臣：防风、苍术；佐：细辛、白芷、川芎、生地、黄芩；使：甘草,主以辛温，少佐寒凉，六经分治,辨证要点：恶寒发热、头痛无汗、肢体酸楚疼痛、口苦微渴
解表剂?辛温解表,香苏散,香附子炒香去毛、紫苏叶各四两（12g）、甘草炙，一两（3g）、陈皮不去白，二两（6g）,作汤剂，水煎服,疏散风寒，理气和中,外感风寒气郁不舒证：恶寒身热，头痛无汗，胸脘痞闷，不思饮食,外感风寒，卫阳被遏；内兼气滞,君：苏叶；臣：香附；佐：陈皮；使：甘草,辛温疏表与理气行滞相伍，表里同治，重在解表,辨证要点：恶寒发热、头痛无汗、胸脘痞闷、苔薄白、脉浮
解表剂?辛温解表,小青龙汤,麻黄去节，三两（9g）、芍药三两（9g）、细辛三两（3g）、干姜三两（6g）、甘草炙，三两（6g）、桂枝去皮，三两（9g）、五味子半升（9g）、半夏洗，半升（9g）,水煎服,解表散寒，温肺化饮,外寒内饮证：恶寒发热无汗，喘咳痰涎清稀量多，胸痞,外感风寒，表寒引动内饮，水寒相搏，肺失宣降,君：麻黄、桂枝；臣：干姜、细辛；佐：半夏、五味子、芍药；使：甘草,辛散与酸收相配，散中有收；温化与敛肺相伍，开中有合,辨证要点：恶寒发热、无汗、喘咳、痰多清稀、舌苔白滑、脉浮
解表剂?辛温解表,止嗽散,桔梗炒、荆芥、紫菀蒸、百部蒸、白前蒸各二斤（各 12g）、甘草炒十二两（4g）、陈皮水洗去白一斤（6g）,作汤剂，水煎服,宣利肺气，疏风止咳,风邪犯肺之咳嗽证：咳嗽咽痒，咯痰不爽，或微恶风发热,风邪犯肺，肺失清肃；或表解不彻，余邪未尽,君：紫菀、百部；臣：桔梗、白前；佐：荆芥、陈皮；使：甘草,温润平和，不寒不热；重在治肺，兼解表邪,辨证要点：咳嗽咽痒、微恶风发热、苔薄白
解表剂?辛凉解表,银翘散,连翘一两（30g）、银花一两（30g）、苦桔梗六钱（18g）、薄荷六钱（18g）、竹叶四钱（12g）、生甘草五钱（15g）、芥穗四钱（12g）、淡豆豉五钱（15g）、牛蒡子六钱（18g）,作汤剂，加芦根 18g，水煎服，香气大出即取服,辛凉透表，清热解毒,温病初起：发热微恶风寒，无汗或有汗不畅，口渴头痛，咽痛咳嗽,温邪初起，邪在卫分，卫气被郁，肺气失宣,君：银花、连翘；臣：薄荷、牛蒡子、荆芥穗、淡豆豉；佐：芦根、竹叶、桔梗；使：生甘草,辛凉与辛温相伍，主以辛凉；疏散与清解相配，疏清兼顾,辨证要点：发热、微恶寒、咽痛、口渴、脉浮数；禁忌：不宜久煎，舌白滑者禁用
解表剂?辛凉解表,桑菊饮,桑叶二钱五分（7.5g）、菊花一钱（3g）、杏仁二钱（6g）、连翘一钱五分（5g）、薄荷八分（2.5g）、苦桔梗二钱（6g）、生甘草八分（2.5g）、苇根二钱（6g）,水煎温服,疏风清热，宣肺止咳,风温初起邪客肺络证：但咳，身热不甚，口微渴,风温初起，邪犯肺络，肺失清肃，邪浅病轻,君：桑叶、菊花；臣：杏仁、桔梗；佐：薄荷、连翘、芦根；使：甘草,轻清疏风以解表，辛苦宣肃以止咳,辨证要点：咳嗽、发热不甚、微渴、脉浮数
解表剂?辛凉解表,麻黄杏仁甘草石膏汤,麻黄去节，四两（9g）、杏仁去皮尖，五十个（9g）、甘草炙，二两（6g）、石膏碎绵裹，半斤（18g）,水煎服,辛凉疏表，清肺平喘,外感风邪邪热壅肺证：身热不解，有汗或无汗，咳逆气急，甚则鼻扇,表邪入里化热，壅遏于肺，肺失宣降,君：麻黄、石膏；臣：杏仁；使：炙甘草,辛温与寒凉并用，共成辛凉之剂，宣肺而不助热，清肺而不凉遏,辨证要点：发热、喘咳、苔黄、脉数；石膏倍于麻黄
解表剂?辛凉解表,柴葛解肌汤,柴胡（6g）、干葛（9g）、甘草（3g）、黄芩（6g）、羌活（3g）、白芷（3g）、芍药（6g）、桔梗（3g）,水煎温服，加生姜三片，大枣二枚，石膏末一钱,解肌清热,外感风寒郁而化热证：恶寒渐轻，身热增盛，无汗头痛，目疼鼻干，心烦不眠,太阳风寒未解，化热入里，初犯阳明、少阳，三阳合病,君：葛根、柴胡；臣：羌活、白芷、黄芩、石膏；佐：桔梗、芍药、大枣、生姜；使：甘草,温清并用，三阳同治，表里兼顾，重在疏泄透散,辨证要点：发热重、恶寒轻、头痛、眼眶痛、鼻干、脉浮微洪
解表剂?辛凉解表,升麻葛根汤,升麻、白芍药、甘草炙各十两（各 6g）、葛根十五两（9g）,水煎服,解肌透疹,麻疹初起：疹发不出，身热头痛，咳嗽，目赤流泪，口渴,肺胃蕴热，感麻毒时疫之邪，外邪袭表，抑遏疹毒外达,君：升麻；臣：葛根；佐：芍药；使：炙甘草,辛凉与酸甘合法，主以升散清解，少佐酸敛益阴,辨证要点：疹发不出或出而不畅、舌红、脉数；麻疹已透者不宜使用
解表剂?辛凉解表,葱豉桔梗汤,鲜葱白三枚至五枚（9g）、苦桔梗一钱至钱半（5g）、焦山栀二钱至三钱（6g）、淡豆豉三钱至五钱（9g）、苏薄荷一钱至钱半（5g）、青连翘钱半至二钱（6g）、生甘草六分至八分（2g）、鲜淡竹叶三十片（3g）,水煎服,疏风清热,风温初起证：头痛身热，微恶风寒，咳嗽，咽痛，口渴,风温初起，风热侵犯肺卫，卫气被郁，肺气失宣,君：葱白、豆豉；臣：薄荷、连翘；佐：桔梗、山栀、竹叶；使：生甘草,辛凉与辛温同伍，透邪于外；清疏与清泻兼顾，导热于下,辨证要点：头痛身热、咳嗽、咽痛、口渴、脉浮数
解表剂?扶正解表,败毒散（原名人参败毒散）,柴胡去苗、甘草燃、桔梗、人参去芦、川芎、茯苓去皮、枳壳去瓤麸炒、前胡去苗洗、羌活去苗、独活去苗各三十两（各 9g）,加生姜 3g，薄荷 2g，水煎服,散寒祛湿，益气解表,气虚外感风寒湿证：憎寒壮热，头项强痛，肢体酸楚疼痛，无汗，鼻塞声重,气虚而风寒湿邪束表，痰湿内生，肺气失宣,君：羌活、独活；臣：柴胡、川芎；佐：桔梗、枳壳、前胡、茯苓、人参；使：生姜、薄荷、甘草,主辛温以解表，辅宣肃以止咳，佐益气以祛邪,辨证要点：恶寒发热、头身重痛、无汗、脉浮重按无力；可治外邪陷里之痢疾
解表剂?扶正解表,参苏饮,陈皮去白、枳壳去瓤麸炒、桔梗去芦、甘草炙、木香各半两（6g）、半夏、紫苏用叶、干葛洗、前胡去苗、人参去芦、茯苓去皮各三分（各 9g）,加生姜 7 片，大枣 1 枚，水煎温服,益气解表，理气化痰,气虚外感内有痰湿证：恶寒发热无汗，头痛鼻塞，咳嗽痰白，胸脘满闷，倦怠无力,素体气虚，内有痰湿，外感风寒，卫阳被遏，肺气郁闭,君：苏叶；臣：葛根；佐：半夏、前胡、桔梗、陈皮、木香、枳壳、茯苓、人参；使：炙甘草、生姜、大枣,散补同用，燥行合法，散不伤正，补不留邪，气顺痰消,辨证要点：恶寒发热、无汗头痛、咳痰色白、胸脘满闷、倦怠乏力、苔白脉弱
解表剂?扶正解表,再造散,黄芪（6g）、人参（3g）、桂枝（3g）、甘草（1.5g）、熟附（3g）、细辛（2g）、羌活（3g）、防风（3g）、川芎（3g）、煨生姜（3g）,加大枣 2 枚，炒白芍 3g，水煎服,助阳益气，解表散寒,阳气虚弱外感风寒表证：恶寒发热，热轻寒重，无汗肢冷，倦怠嗜卧，面色苍白,素体阳气虚弱，复感风寒，卫阳被遏，阳气虚馁，无力作汗,君：桂枝、羌活；臣：防风、细辛；佐：熟附子、黄芪、人参、川芎、白芍、煨生姜、大枣；使：甘草,辛温与甘温合法，助阳气以散表邪,辨证要点：恶寒发热、热轻寒重、无汗、肢冷倦怠、舌淡苔白、脉沉无力
解表剂?扶正解表,麻黄细辛附子汤,麻黄去节，二两（6g）、细辛二两（3g）、附子炮去皮，一枚破八片（9g）,水煎服,助阳解表,素体阳虚外感风寒表证：发热，恶寒甚剧，其寒不解，神疲欲寐，脉沉微,素体阳虚，复感风寒，卫阳被遏，邪正相争，阳气虚弱，无力鼓邪,君：麻黄；臣：附子；佐：细辛,解表与温里合法，辛温并用，助阳解表,辨证要点：恶寒重、发热轻、神疲欲寐、脉沉；阴虚火旺者禁用
解表剂?扶正解表,加减葳蕤汤,生葳蕤二钱至三钱（9g）、生葱白二枚至三枚（6g）、桔梗一钱至钱半（4.5g）、东白薇五分至一钱（3g）、淡豆豉三钱至四钱（12g）、苏薄荷一钱至钱半（4.5g）、炙草五分（1.5g）、红枣二枚,水煎服,滋阴解表,阴虚外感风热证：头痛身热，微恶风寒，无汗或有汗不多，咳嗽，心烦，口渴，咽干,素体阴虚，外感风热，卫阳被郁，肺气失宣，阴虚生内热,君：葳蕤（玉竹）、薄荷；臣：葱白、淡豆豉；佐：白薇、桔梗、大枣；使：甘草,辛凉与甘寒合法，汗不伤阴，滋不碍邪,辨证要点：身热微寒、咽干口燥、舌红、苔薄白、脉数；阳虚外感者不宜使用
解表剂?扶正解表,葱白七味饮,葱白连须切，一升（9g）、干葛切，六合（9g）、新豉绵裹，一合（6g）、生姜切，二合（6g）、生麦门冬去心，六合（9g）、干地黄六合（9g）,水煎服,养血解表,血虚外感风寒证：病后阴血亏虚，感受外邪，或失血后复感风寒，头痛身热，微寒无汗,血虚之人复感风寒，卫阳被遏，邪正相争，汗血同源，血虚则汗源不足,君：葱白、葛根；臣：干地黄、麦冬；佐：豆豉、生姜；使：劳水,发散解表与养血滋阴合法，温而不燥，汗不伤血,辨证要点：头痛身热、恶寒无汗、兼血虚或失血病史
泻下剂?寒下,大承气汤,大黄酒洗，四两（12g）、厚朴去皮炙，半斤（24g）、枳实炙，五枚（12g）、芒硝三合（9g）,水煎服，先煎枳实、厚朴，后下大黄，溶服芒硝,峻下热结,阳明腑实证；热结旁流证；里实热证见热厥、痉病、发狂者,伤寒邪传阳明腑，入里化热，与肠中燥屎结滞，腑气不通，热盛伤津,君：大黄、厚朴；臣：芒硝、枳实；佐使：无,苦辛通降与咸寒合法，泻下与行气并重，相辅相成,辨证要点：数日不大便、脘腹胀满疼痛、苔黄厚干、脉沉数有力；禁忌：年老体虚、孕妇等慎用
泻下剂?寒下,大陷胸汤,大黄去皮，六两（10g）、芒硝一升（10g）、甘遂一钱匕（1g）,水煎，溶芒硝，冲服甘遂末,泻热逐水,大结胸证：心下疼痛，拒按，按之硬，或心下至少腹硬满疼痛而痛不可近,太阳病误治，邪热内陷，水热互结，气机不通，热盛伤津,君：甘遂；臣：大黄、芒硝；佐使：无,寒下峻逐并用，前后分消，药简效宏,辨证要点：心下硬满而痛不可近、苔黄舌燥、脉沉；禁忌：素体虚弱者慎用，中病即止
泻下剂?温下,大黄附子汤,大黄三两（9g）、附子炮，三枚（12g）、细辛二两（3g）,水煎服,温里散寒，通便止痛,寒积里实证：腹痛便秘，胁下偏痛，发热，畏寒肢冷，舌苔白腻，脉弦紧,里寒积滞内结，阳气不运，阴寒凝滞，冷积内结，腑气不通,君：附子；臣：大黄；佐：细辛,苦寒辛热合法，相反相成，共成温下之法,辨证要点：腹痛便秘、手足不温、苔白腻、脉弦紧；附子用量应大于大黄
泻下剂?温下,温脾汤（《备急千金要方》）,当归、干姜各三两（各 9g）、附子、人参、芒硝各二两（各 6g）、大黄五两（15g）、甘草二两（6g）,水煎服，后下大黄,攻下冷积，温补脾阳,阳虚冷积证：便秘腹痛，脐周绞痛，手足不温，苔白不渴，脉沉弦而迟,脾阳不足，运化失常，冷积中阻，腑气不通，阳气不足，四肢失温,君：附子、大黄；臣：芒硝、干姜；佐：人参、甘草、当归；使：甘草,辛热甘温咸寒合法，寓补于攻，温下相成,辨证要点：便秘腹痛、得温则缓、倦怠少气、手足欠温、苔白脉沉弦；禁忌：孕妇慎用
泻下剂?温下,三物备急丸,大黄一两（30g）、干姜一两（30g）、巴豆去皮心熬，外研如脂，一两（30g）,为丸剂，成人每服 0.6～1.5g，米汤或温开水送下,攻下寒积,寒实腹痛：猝然心腹胀痛，痛如锥刺，气急口噤，大便不通,饮食不节，冷食积滞，阻结胃肠，或暴饮暴食后复感寒邪，气机不行,君：巴豆；臣：干姜；佐：大黄,苦寒泻下与辛热峻下合法，相反相成，共成温下峻剂,辨证要点：猝然心腹胀痛、大便不通、苔白脉沉实；禁忌：孕妇、年老体弱者慎用
泻下剂?润下,麻子仁丸（又名脾约丸）,麻子仁二升（20g）、芍药半斤（9g）、枳实炙，半斤（9g）、大黄去皮，一斤（12g）、厚朴炙去皮，一尺（9g）、杏仁去皮尖熬，别作脂，一升（10g）,药研为末，炼蜜为丸，每次 9g，日 1～2 次；或作汤剂，水煎服,润肠泄热，行气通便,脾约证：大便干结，小便频数，脘腹胀痛，舌红苔黄，脉数,肠胃燥热，脾津不足，肠道失濡，脾受约束，津液但输膀胱，肠失濡润,君：麻子仁；臣：大黄、杏仁、白芍；佐：枳实、厚朴；使：蜂蜜,泻下与润下相伍，泻而不峻，下不伤正,辨证要点：大便秘结、小便频数、脘腹胀痛、舌红苔黄脉数；禁忌：孕妇慎用
泻下剂?润下,五仁丸,桃仁、杏仁麸炒去皮尖各一两（各 15g）、松子仁一钱二分半（9g）、柏子仁半两（5g）、郁李仁炒，一钱（5g）、陈皮另研末，四两（15g）,五仁研为膏，陈皮为末，炼蜜为丸，每服 9g，日 1～2 次；或作汤剂，水煎服,润肠通便,津枯便秘：大便干燥，艰涩难出，以及年老或产后血虚便秘,素体阴虚，或年老阴亏，或产后血虚，津枯肠燥，大肠传导失司,君：杏仁；臣：桃仁；佐：柏子仁、郁李仁、松子仁、陈皮；使：蜂蜜,主以质润，润中寓行，肠肺同调,辨证要点：大便秘结、口干渴饮、舌燥少津、脉细涩；禁忌：孕妇慎用（桃仁、郁李仁活血）
泻下剂?润下,济川煎,当归三至五钱（9～15g）、牛膝二钱（6g）、肉苁蓉酒洗去咸，二至三钱（6～9g）、泽泻一钱半（4.5g）、升麻五分至七分或一钱（1.5～3g）、枳壳一钱（3g）,水煎服,温肾益精，润肠通便,肾虚便秘：大便秘结，小便清长，腰膝酸冷，舌淡苔白，脉沉迟,肾虚精亏，气化失司，津液不布，肠失濡润，传导不利，腰膝失养,君：肉苁蓉；臣：当归、牛膝；佐：枳壳、泽泻；使：升麻,寓润下于温补之中，寄升清于降浊之内，为寓通于补之剂,辨证要点：便秘、小便清长、腰膝酸冷、舌淡苔白脉虚弱；阴虚火旺者禁用
泻下剂?逐水,十枣汤,芫花熬、甘遂、大戟各等分,三药研细末，每次服 0.5～1g，大枣 10 枚煎汤送服，清晨空腹服,攻逐水饮,悬饮；水肿：一身悉肿，以身半以下为重，腹胀喘满，二便不利,水饮壅盛，停聚于里，内外泛滥，饮停胸胁，上迫于肺，气机阻滞,君：甘遂、大戟、芫花；佐使：大枣,主以峻下逐水，佐以甘缓补中,辨证要点：咳唾胸胁引痛或水肿腹胀、二便不利、脉沉弦；禁忌：孕妇忌服，只宜暂用
泻下剂?逐水,禹功散,黑牵牛头末，四两（12g）、茴香炒，一两（3g），或加木香一两（3g）,二药为散，每服 3g，生姜汁或温开水送服；或作汤剂，水煎服,逐水通便，行气消肿,阳水：遍身水肿，腹胀喘满，大便秘结，小便不利，脉沉有力,水湿壅盛泛溢，泛溢肌肤则水肿，内聚脏腑则气机阻滞，二便不通,君：牵牛子；臣：小茴香；佐：姜汁,逐水通便之中佐辛散行气之品，方简药专,辨证要点：遍身浮肿、二便不利、脉沉有力；禁忌：孕妇及年老体弱者慎用
泻下剂?攻补兼施,黄龙汤,大黄（9g）、芒硝（6g）、枳实（9g）、厚朴（9g）、甘草（3g）、人参（9g）、当归（6g）,水煎服,攻下热结，益气养血,阳明腑实，气血不足证：下利清水，色纯青，或大便秘结，脘腹胀满，腹痛拒按，身热口渴，神倦少气,阳明热结腑实，兼气血两虚，燥热内结，腑气不通，热盛伤津，气血耗伤,君：大黄；臣：芒硝；佐：枳实、厚朴、人参、当归、桔梗；使：生姜、大枣、甘草,峻下热结与补益气血并用，攻补兼施，以攻为主,辨证要点：大便秘结或自利清水、脘腹胀痛、身热口渴、神倦少气、舌苔焦黄脉虚
泻下剂?攻补兼施,增液承气汤,玄参一两（30g）、麦冬连心，八钱（24g）、细生地八钱（24g）、大黄三钱（9g）、芒硝一钱五分（4.5g）,水煎服，芒硝溶服,滋阴增液，泄热通便,阳明热结阴亏证：大便秘结，下之不通，脘腹胀满，口干唇燥，舌红苔黄，脉细数,阳明温病，热结阴亏，胃肠燥热内结，传导失司，热结津亏，肠道失濡,君：玄参；臣：麦冬、生地黄；佐：大黄、芒硝,重用甘寒，佐以苦寒，寓攻下于增水行舟之中，攻补兼施,辨证要点：燥屎不行、下之不通、口干唇燥、苔黄脉细数；禁忌：不宜久服，中病即止
和解剂?和解少阳,小柴胡汤,柴胡半斤（24g）、黄芩三两（9g）、人参三两（9g）、甘草炙，三两（9g）、半夏洗，半升（9g）、生姜切，三两（9g）、大枣擘，十二枚（4 枚）,水煎服,和解少阳,伤寒少阳证；妇人中风，热入血室；疟疾、黄疸见少阳证者,邪犯少阳，病在半表半里，正邪相争，胆火上炎，胆热犯胃，胃气上逆,君：柴胡；臣：黄芩；佐：半夏、生姜、人参、大枣；使：炙甘草,透散清泄以和解，升清降浊兼扶正,辨证要点：往来寒热、胸胁苦满、心烦喜呕、口苦咽干目眩、脉弦；禁忌：阴虚血少者禁用
和解剂?和解少阳,蒿芩清胆汤,青蒿脑钱半至二钱（4.5～6g）、淡竹茹三钱（9g）、仙半夏钱半（4.5g）、赤茯苓三钱（9g）、青子芩钱半至三钱（4.5～9g）、生枳壳钱半（4.5g）、陈广皮钱半（4.5g）、碧玉散（滑石、甘草、青黛）包，三钱（9g）,水煎服,清胆利湿，和胃化痰,少阳湿热痰浊证：寒热如疟，寒轻热重，口苦膈闷，吐酸苦水，或呕黄涎而黏,湿遏热郁，阻于少阳胆与三焦，三焦气机不畅，胆火炽盛，胆热犯胃，液郁为痰,君：青蒿、黄芩；臣：竹茹、枳壳、半夏、陈皮；佐使：赤茯苓、碧玉散,芳香清透以畅少阳之枢机，苦燥降利以化湿郁之痰浊,辨证要点：寒热如疟、寒轻热重、胸胁胀痛、吐酸苦水、舌红苔腻脉弦滑数
和解剂?和解少阳,达原饮,槟榔二钱（6g）、厚朴一钱（3g）、草果仁五分（1.5g）、知母一钱（3g）、芍药一钱（3g）、黄芩一钱（3g）、甘草五分（1.5g）,水煎服,开达膜原，辟秽化浊,瘟疫或疟疾，邪伏膜原证：憎寒壮热，发无定时，胸闷呕恶，头痛烦躁，舌苔垢腻,瘟疫秽浊毒邪伏于膜原，膜原为半表半里，邪正相争，秽浊内侵，气机阻滞,君：槟榔；臣：厚朴、草果；佐：白芍、知母、黄芩；使：甘草,苦温芳化与苦寒清热之中少佐酸甘，透达膜原而不伤阴,辨证要点：憎寒壮热、舌红苔垢腻如积粉
和解剂?调和肝脾,四逆散,甘草炙、枳实破水渍炙干、柴胡、芍药各十分（各 6g）,水煎服,透邪解郁，疏肝理脾,阳郁厥逆证；肝脾不和证：胁肋胀痛，脘腹疼痛,外邪传经入里，气机郁遏，阳气内郁，不能达于四末；或肝气郁结，疏泄失常,君：柴胡；臣：白芍；佐：枳实；使：甘草,疏柔相合，以适肝性；升降同用，肝脾并调,辨证要点：手足不温或胁肋脘腹疼痛、脉弦；阴虚寒厥者禁用
和解剂?调和肝脾,逍遥散,甘草微炙赤，半两（4.5g）、当归去苗锉微炒、茯苓去皮白者、芍药白者、白术、柴胡去苗各一两（各 9g）,加生姜 3 片，薄荷 6g，水煎服；丸剂每服 6～9g，日 2 次,疏肝解郁，养血健脾,肝郁血虚脾弱证：两胁作痛，头痛目眩，口燥咽干，神疲食少，或月经不调,肝气郁结，条达失司，肝郁血虚，郁而化火，肝木乘脾，脾胃虚弱,君：柴胡；臣：当归、白芍；佐：白术、茯苓、甘草、薄荷、生姜；使：柴胡、甘草,疏柔合法，肝脾同调，气血兼顾,辨证要点：两胁作痛、神疲食少、月经不调、脉弦而虚；阴虚火旺者慎用
和解剂?调和肝脾,痛泻要方,炒白术三两（9g）、炒芍药二两（6g）、炒陈皮两半（4.5g）、防风一两（3g）,水煎服,补脾柔肝，祛湿止泻,脾虚肝郁之痛泻：肠鸣腹痛，大便泄泻，泻必腹痛，泻后痛缓,土虚木乘，肝脾不和，脾运失常，肝失疏泄，气机失调,君：白术；臣：白芍；佐：陈皮；使：防风,补脾柔肝，寓疏于补，扶土抑木,辨证要点：肠鸣腹痛、泻必腹痛、泻后痛缓、左弦右缓；湿热泄泻者禁用
和解剂?调和寒热,半夏泻心汤,半夏洗，半升（12g）、黄芩、干姜、人参各三两（各 9g）、黄连一两（3g）、大枣擘，十二枚（4 枚）、甘草炙，三两（9g）,水煎服,寒热平调，散结除痞,寒热互结之痞证：心下痞，但满而不痛，或呕吐，肠鸣下利,小柴胡汤证误用攻下，损伤中阳，少阳邪热乘虚内陷，寒热互结，中气虚弱，升降失常,君：半夏；臣：干姜、黄芩、黄连；佐：人参、大枣；使：甘草,寒热平调以和阴阳，辛开苦降以调气机，补泻兼施以顾虚实,辨证要点：心下痞满、呕吐泻利、苔腻微黄；阴虚火旺者慎用
解表剂?辛凉解表,葱豉桔梗汤,鲜葱白三枚至五枚（9g）、苦桔梗一钱至钱半（5g）、焦山栀二钱至三钱（6g）、淡豆豉三钱至五钱（9g）、苏薄荷一钱至钱半（5g）、青连翘钱半至二钱（6g）、生甘草六分至八分（2g）、鲜淡竹叶三十片（3g）,水煎服,疏风清热,风温初起证：头痛身热，微恶风寒，咳嗽，咽痛，口渴,风温初起，风热侵犯肺卫，卫气被郁，肺气失宣,君：葱白、豆豉；臣：薄荷、连翘；佐：桔梗、山栀、竹叶；使：生甘草,辛凉与辛温同伍，透邪于外；清疏与清泻兼顾，导热于下,辨证要点：头痛身热、咳嗽、咽痛、口渴、脉浮数
解表剂?扶正解表,葱白七味饮,葱白连须切，一升（9g）、干葛切，六合（9g）、新豉绵裹，一合（6g）、生姜切，二合（6g）、生麦门冬去心，六合（9g）、干地黄六合（9g）,水煎服,养血解表,血虚外感风寒证：病后阴血亏虚，感受外邪，或失血后复感风寒，头痛身热，微寒无汗,血虚之人复感风寒，卫阳被遏，邪正相争，汗血同源，血虚则汗源不足,君：葱白、葛根；臣：干地黄、麦冬；佐：豆豉、生姜；使：劳水,发散解表与养血滋阴合法，温而不燥，汗不伤血,辨证要点：头痛身热、恶寒无汗、兼血虚或失血病史
泻下剂?攻补兼施,黄龙汤,大黄（9g）、芒硝（6g）、枳实（9g）、厚朴（9g）、甘草（3g）、人参（9g）、当归（6g）,水煎服,攻下热结，益气养血,阳明腑实，气血不足证：下利清水，色纯青，或大便秘结，脘腹胀满，腹痛拒按，身热口渴，神倦少气,阳明热结腑实，兼气血两虚，燥热内结，腑气不通，热盛伤津，气血耗伤,君：大黄；臣：芒硝；佐：枳实、厚朴、人参、当归、桔梗；使：生姜、大枣、甘草,峻下热结与补益气血并用，攻补兼施，以攻为主,辨证要点：大便秘结或自利清水、脘腹胀痛、身热口渴、神倦少气、舌苔焦黄脉虚
泻下剂?攻补兼施,增液承气汤,玄参一两（30g）、麦冬连心，八钱（24g）、细生地八钱（24g）、大黄三钱（9g）、芒硝一钱五分（4.5g）,水煎服，芒硝溶服,滋阴增液，泄热通便,阳明热结阴亏证：大便秘结，下之不通，脘腹胀满，口干唇燥，舌红苔黄，脉细数,阳明温病，热结阴亏，胃肠燥热内结，传导失司，热结津亏，肠道失濡,君：玄参；臣：麦冬、生地黄；佐：大黄、芒硝,重用甘寒，佐以苦寒，寓攻下于增水行舟之中，攻补兼施,辨证要点：燥屎不行、下之不通、口干唇燥、苔黄脉细数；禁忌：不宜久服，中病即止
和解剂?和解少阳,大柴胡汤,柴胡半斤（24g）、黄芩三两（9g）、芍药三两（9g）、半夏洗，半升（9g）、生姜五两（15g）、枳实炙，四枚（12g）、大枣擘，十二枚（4 枚）、大黄二两（6g）,水煎服，大黄后下,和解少阳，内泻热结,少阳阳明合病：往来寒热，胸胁苦满，呕不止，郁郁微烦，心下痞硬，大便秘结,少阳之邪未解，阳明热结已成，少阳邪热内传阳明，热结肠道，气机阻滞,君：柴胡、大黄；臣：黄芩、枳实；佐：芍药、半夏、生姜、大枣；使：无,和解与泻下并用，表里同治，以和解少阳为主，内泻热结为辅,辨证要点：往来寒热、胸胁苦满、呕不止、大便秘结、舌苔黄脉弦数有力；阴虚火旺者禁用
和解剂?调和肝脾,四逆散,甘草炙、枳实破水渍炙干、柴胡、芍药各十分（各 6g）,水煎服,透邪解郁，疏肝理脾,阳郁厥逆证；肝脾不和证：胁肋胀痛，脘腹疼痛,外邪传经入里，气机郁遏，阳气内郁，不能达于四末；或肝气郁结，疏泄失常,君：柴胡；臣：白芍；佐：枳实；使：甘草,疏柔相合，以适肝性；升降同用，肝脾并调,辨证要点：手足不温或胁肋脘腹疼痛、脉弦；阴虚寒厥者禁用
和解剂?调和肝脾,逍遥散,甘草微炙赤，半两（4.5g）、当归去苗锉微炒、茯苓去皮白者、芍药白者、白术、柴胡去苗各一两（各 9g）,加生姜 3 片，薄荷 6g，水煎服；丸剂每服 6～9g，日 2 次,疏肝解郁，养血健脾,肝郁血虚脾弱证：两胁作痛，头痛目眩，口燥咽干，神疲食少，或月经不调,肝气郁结，条达失司，肝郁血虚，郁而化火，肝木乘脾，脾胃虚弱,君：柴胡；臣：当归、白芍；佐：白术、茯苓、甘草、薄荷、生姜；使：柴胡、甘草,疏柔合法，肝脾同调，气血兼顾,辨证要点：两胁作痛、神疲食少、月经不调、脉弦而虚；阴虚火旺者慎用
和解剂?调和肝脾,痛泻要方,炒白术三两（9g）、炒芍药二两（6g）、炒陈皮两半（4.5g）、防风一两（3g）,水煎服,补脾柔肝，祛湿止泻,脾虚肝郁之痛泻：肠鸣腹痛，大便泄泻，泻必腹痛，泻后痛缓,土虚木乘，肝脾不和，脾运失常，肝失疏泄，气机失调,君：白术；臣：白芍；佐：陈皮；使：防风,补脾柔肝，寓疏于补，扶土抑木,辨证要点：肠鸣腹痛、泻必腹痛、泻后痛缓、左弦右缓；湿热泄泻者禁用
和解剂?调和寒热,半夏泻心汤,半夏洗，半升（12g）、黄芩、干姜、人参各三两（各 9g）、黄连一两（3g）、大枣擘，十二枚（4 枚）、甘草炙，三两（9g）,水煎服,寒热平调，散结除痞,寒热互结之痞证：心下痞，但满而不痛，或呕吐，肠鸣下利,小柴胡汤证误用攻下，损伤中阳，少阳邪热乘虚内陷，寒热互结，中气虚弱，升降失常,君：半夏；臣：干姜、黄芩、黄连；佐：人参、大枣；使：甘草,寒热平调以和阴阳，辛开苦降以调气机，补泻兼施以顾虚实,辨证要点：心下痞满、呕吐泻利、苔腻微黄；阴虚火旺者慎用
和解剂?和解少阳,蒿芩清胆汤,青蒿脑钱半至二钱（4.5～6g）、淡竹茹三钱（9g）、仙半夏钱半（4.5g）、赤茯苓三钱（9g）、青子芩钱半至三钱（4.5～9g）、生枳壳钱半（4.5g）、陈广皮钱半（4.5g）、碧玉散（滑石、甘草、青黛）包，三钱（9g）,水煎服,清胆利湿，和胃化痰,少阳湿热痰浊证：寒热如疟，寒轻热重，口苦膈闷，吐酸苦水，或呕黄涎而黏,湿遏热郁，阻于少阳胆与三焦，三焦气机不畅，胆火炽盛，胆热犯胃，液郁为痰,君：青蒿、黄芩；臣：竹茹、枳壳、半夏、陈皮；佐使：赤茯苓、碧玉散,芳香清透以畅少阳之枢机，苦燥降利以化湿郁之痰浊,辨证要点：寒热如疟、寒轻热重、胸胁胀痛、吐酸苦水、舌红苔腻脉弦滑数
和解剂?和解少阳,达原饮,槟榔二钱（6g）、厚朴一钱（3g）、草果仁五分（1.5g）、知母一钱（3g）、芍药一钱（3g）、黄芩一钱（3g）、甘草五分（1.5g）,水煎服,开达膜原，辟秽化浊,瘟疫或疟疾，邪伏膜原证：憎寒壮热，发无定时，胸闷呕恶，头痛烦躁，舌苔垢腻,瘟疫秽浊毒邪伏于膜原，膜原为半表半里，邪正相争，秽浊内侵，气机阻滞,君：槟榔；臣：厚朴、草果；佐：白芍、知母、黄芩；使：甘草,苦温芳化与苦寒清热之中少佐酸甘，透达膜原而不伤阴,辨证要点：憎寒壮热、舌红苔垢腻如积粉
解表剂?辛温解表,香苏散,香附子炒香去毛、紫苏叶各四两（12g）、甘草炙，一两（3g）、陈皮不去白，二两（6g）,作汤剂，水煎服,疏散风寒，理气和中,外感风寒气郁不舒证：恶寒身热，头痛无汗，胸脘痞闷，不思饮食,外感风寒，卫阳被遏；内兼气滞,君：苏叶；臣：香附；佐：陈皮；使：甘草,辛温疏表与理气行滞相伍，表里同治，重在解表,辨证要点：恶寒发热、头痛无汗、胸脘痞闷、苔薄白、脉浮
解表剂?辛温解表,小青龙汤,麻黄去节，三两（9g）、芍药三两（9g）、细辛三两（3g）、干姜三两（6g）、甘草炙，三两（6g）、桂枝去皮，三两（9g）、五味子半升（9g）、半夏洗，半升（9g）,水煎服,解表散寒，温肺化饮,外寒内饮证：恶寒发热无汗，喘咳痰涎清稀量多，胸痞,外感风寒，表寒引动内饮，水寒相搏，肺失宣降,君：麻黄、桂枝；臣：干姜、细辛；佐：半夏、五味子、芍药；使：甘草,辛散与酸收相配，散中有收；温化与敛肺相伍，开中有合,辨证要点：恶寒发热、无汗、喘咳、痰多清稀、舌苔白滑、脉浮
解表剂?辛温解表,止嗽散,桔梗炒、荆芥、紫菀蒸、百部蒸、白前蒸各二斤（各 12g）、甘草炒十二两（4g）、陈皮水洗去白一斤（6g）,作汤剂，水煎服,宣利肺气，疏风止咳,风邪犯肺之咳嗽证：咳嗽咽痒，咯痰不爽，或微恶风发热,风邪犯肺，肺失清肃；或表解不彻，余邪未尽,君：紫菀、百部；臣：桔梗、白前；佐：荆芥、陈皮；使：甘草,温润平和，不寒不热；重在治肺，兼解表邪,辨证要点：咳嗽咽痒、微恶风发热、苔薄白
清热剂?清气分热,白虎汤,石膏碎，一斤（50g）、知母六两（18g）、甘草炙，二两（6g）、粳米六合（9g）,水煎，米熟汤成，温服,清热生津,气分热盛证：壮热面赤，烦渴引饮，汗出恶热，脉洪大有力,伤寒化热内传阳明经，或温邪由卫及气，肺胃热盛，热炽伤津,君：石膏；臣：知母；佐：粳米、炙甘草；使：炙甘草,重用辛寒清气，伍以苦寒质润，少佐甘温和中，清不伤阴，寒不伤中,辨证要点：大热、大汗、大渴、脉洪大；禁忌：表不解、无汗者禁用，脉浮弦而细、脉沉者禁用
清热剂?清气分热,竹叶石膏汤,竹叶二把（6g）、石膏一斤（50g）、半夏洗，半升（9g）、麦门冬去心，一升（20g）、人参二两（6g）、甘草炙，二两（6g）、粳米半升（10g）,水煎服,清热生津，益气和胃,伤寒、温病、暑病余热未清，气阴两伤证：身热多汗，心胸烦闷，气逆欲呕，口干喜饮，虚羸少气,热病后期，余热未清，气阴两伤，胃气不和，热邪留恋气分，耗伤气津,君：石膏；臣：人参、麦冬；佐：半夏、竹叶、粳米；使：甘草,辛甘大寒与甘寒甘温合为清补之剂，清而不寒，补而不滞,辨证要点：身热多汗、气逆欲呕、烦渴喜饮、舌红少津、脉虚数；虚寒呕吐者禁用
清热剂?清营凉血,清营汤,水牛角 30g（代犀角）、生地黄五钱（15g）、元参三钱（9g）、竹叶心一钱（3g）、麦冬三钱（9g）、丹参二钱（6g）、黄连一钱五分（5g）、银花三钱（9g）、连翘连心用，二钱（6g）,作汤剂，水牛角镑片先煎，后下余药,清营解毒，透热养阴,热入营分证：身热夜甚，神烦少寐，时有谵语，目常喜开或喜闭，口渴或不渴，斑疹隐隐,邪热内传营分，耗伤营阴，营气通于心，热扰心营，营热波及血分,君：水牛角；臣：生地黄、麦冬、玄参；佐：银花、连翘、竹叶、黄连、丹参；使：无,辛苦甘寒以滋养清解，透热转气以入营清散,辨证要点：身热夜甚、神烦少寐、斑疹隐隐、舌绛而干、脉数；禁忌：舌白滑者禁用
清热剂?清营凉血,犀角地黄汤,水牛角 30g（代犀角）、生地黄半斤（24g）、芍药三分（9g）、丹皮一两（12g）,作汤剂，水煎服，水牛角镑片先煎,清热解毒，凉血散瘀,热入血分证：身热谵语，斑色紫黑，或吐血、衄血、便血、尿血，舌深绛起刺，脉数,热毒深入血分，动血耗血，热与血结，扰乱心神，迫血妄行,君：水牛角；臣：生地黄；佐：芍药、丹皮；使：无,咸苦甘寒，直入血分，清中有养，凉血散血,辨证要点：各种失血、斑色紫黑、神昏谵语、舌绛；脾胃虚寒者慎用
清热剂?清热解毒,黄连解毒汤,黄连三两（9g）、黄芩二两（6g）、黄柏二两（6g）、栀子十四枚（9g）,水煎服,泻火解毒,三焦火毒证：大热烦躁，口燥咽干，错语不眠；或热病吐血、衄血；或热甚发斑,三焦火毒炽盛，热扰心神，灼伤津液，迫血妄行，热毒外发肌肤，下注肠道,君：黄连；臣：黄芩、黄柏；佐使：栀子,苦寒直折，三焦并清，泻火解毒,辨证要点：大热烦躁、口燥咽干、舌红苔黄、脉数有力；脾胃虚寒者禁用，阴虚火旺者慎用
清热剂?清热解毒,凉膈散,川大黄、朴硝、甘草炙各二十两（各 60g）、山栀子仁、薄荷叶、黄芩各十两（各 30g）、连翘二斤半（125g）,水煎服，芒硝溶服,泻火通便，清上泄下,上中二焦邪郁生热证：烦躁口渴，面赤唇焦，胸膈烦热，口舌生疮，或咽痛吐衄，便秘溲赤,上中二焦邪郁生热，热聚胸膈，灼伤津液，气机不畅，热邪上炎，下移肠道,君：连翘；臣：黄芩、栀子、薄荷；佐：大黄、芒硝；使：甘草、蜂蜜,清上与泄下并行，泻热通便，清上泄下，以清上为主,辨证要点：烦躁口渴、胸膈烦热、口舌生疮、便秘溲赤、舌红苔黄脉滑数；孕妇慎用
清热剂?清热解毒,普济消毒饮,黄芩、黄连各五钱（各 15g）、陈皮去白、甘草生用、玄参、柴胡、桔梗各二钱（各 6g）、连翘、板蓝根、马勃、牛蒡子、薄荷各一钱（各 3g）、僵蚕、升麻各七分（各 2g）,水煎服,清热解毒，疏风散邪,大头瘟：恶寒发热，头面红肿焮痛，目不能开，咽喉不利，舌燥口渴，舌红苔白兼黄,风热疫毒之邪侵袭肺胃，上攻头面，气机阻滞，热毒蕴结，灼伤津液,君：黄芩、黄连；臣：连翘、玄参、板蓝根、马勃、牛蒡子；佐：薄荷、僵蚕、升麻、柴胡、桔梗、陈皮；使：甘草,清热解毒与疏风散邪并重，升降并用，清疏兼施,辨证要点：头面红肿焮痛、恶寒发热、舌红苔黄、脉浮数有力；阴虚火旺者慎用
清热剂?气血两清,清瘟败毒饮,生石膏大剂六两至八两（240～320g）、中剂二两至四两（80～160g）、小剂八钱至一两（24～30g），小生地大剂六钱至一两（18～30g）、中剂三钱至五钱（9～15g）、小剂二钱至四钱（6～12g），水牛角大剂六钱至八钱（18～24g）、中剂三钱至五钱（9～15g）、小剂二钱至四钱（6～12g），黄连大剂四钱至六钱（12～18g）、中剂二钱至四钱（6～12g）、小剂一钱至一钱半（3～4.5g），栀子、桔梗、黄芩、知母、赤芍、玄参、连翘、竹叶、甘草、丹皮各适量,先煮石膏数十沸，后下诸药，水牛角镑片先煎,清热解毒，凉血泻火,瘟疫热毒，气血两燔证：大热渴饮，头痛如劈，干呕狂躁，谵语神昏，或发斑，或吐血、衄血,瘟疫热毒炽盛，深入气营血分，气血两燔，热扰心神，迫血妄行，热极生风,君：生石膏、水牛角；臣：黄连、黄芩、栀子、生地、玄参、丹皮、赤芍；佐：知母、连翘、桔梗、竹叶；使：甘草,气血两清，三焦并治，苦寒直折，甘寒滋阴，清热泻火与凉血解毒并重,辨证要点：大热渴饮、头痛如劈、谵语神昏、舌绛唇焦、脉沉数；阴虚体质者慎用
清热剂?清脏腑热,导赤散,生地黄、木通、生甘草梢各等分（各 6g）,水煎服，加竹叶 3g,清心利水养阴,心经火热证：心胸烦热，口渴面赤，意欲饮冷，以及口舌生疮；或心热移于小肠，小便赤涩刺痛,心经火热，灼伤津液，心火下移小肠，心与小肠相表里，心火循经下移,君：生地黄；臣：木通；佐：竹叶；使：生甘草梢,清心与利水并用，滋阴与清热兼顾，使清热而不伤阴，利水而不伤正,辨证要点：心胸烦热、口舌生疮、小便赤涩刺痛、舌红脉数；脾胃虚寒者慎用
清热剂?清脏腑热,龙胆泻肝汤,龙胆草酒炒，六分（6g）、黄芩炒，一钱（9g）、栀子酒炒，一钱（9g）、泽泻一钱（12g）、木通一钱（6g）、车前子一钱（9g）、当归酒洗，三分（3g）、生地黄酒炒，一钱（9g）、柴胡一钱（6g）、甘草生用，六分（6g）,水煎服；或制成丸剂，每服 6～9g，日 2 次,清泻肝胆实火，清利肝经湿热,肝胆实火上炎证；肝经湿热下注证：阴肿，阴痒，小便淋浊，带下黄臭,肝胆实火上炎，或肝经湿热循经下注，肝胆互为表里，肝火旺盛，湿热内蕴,君：龙胆草；臣：黄芩、栀子；佐：泽泻、木通、车前子、当归、生地、柴胡；使：甘草,苦寒清利，泻中寓补，降中寓升，以适肝性,辨证要点：口苦溺赤、舌红苔黄、脉弦数有力；阴虚火旺者禁用，孕妇慎用
清热剂?清脏腑热,左金丸,黄连六两（18g）、吴茱萸一两（3g）,为丸剂，每服 6g，日 2 次；或作汤剂，水煎服,清泻肝火，降逆止呕,肝火犯胃证：胁肋胀痛，嘈杂吞酸，呕吐口苦，舌红苔黄，脉弦数,肝火犯胃，肝失疏泄，胃失和降，肝火旺盛，横逆犯胃,君：黄连；臣：吴茱萸；使：无,苦辛并用，寒热错杂，以苦为主，辛为佐使，肝胃同治，泻火而不凉遏，降逆而不助火,辨证要点：胁肋胀痛、嘈杂吞酸、呕吐口苦、舌红苔黄脉弦数；脾胃虚寒者禁用
清热剂?清脏腑热,泻白散,地骨皮、桑白皮炒，各一两（各 15g）、甘草炙，一钱（3g）,水煎服，加粳米 10g,清泻肺热，平喘止咳,肺热喘咳证：气喘咳嗽，皮肤蒸热，日晡尤甚，舌红苔黄，脉细数,肺热壅盛，肺失清肃，肺气上逆，肺热灼伤津液，热伏肺中，外蒸肌肤,君：桑白皮；臣：地骨皮；佐：粳米、甘草；使：甘草,清中有润，泻中有补，清泻肺热而不伤阴，润肺止咳而不恋邪,辨证要点：气喘咳嗽、皮肤蒸热、日晡尤甚、舌红苔黄脉细数；肺寒咳嗽者禁用
清热剂?清脏腑热,清胃散,生地黄三分（6g）、当归身三分（6g）、牡丹皮半钱（9g）、黄连六分（6g，夏月倍之）、升麻一钱（9g）,水煎服,清胃凉血,胃火牙痛：牙痛牵引头痛，面颊发热，其齿喜冷恶热，或牙宣出血，或牙龈红肿溃烂,胃火炽盛，循经上炎，灼伤血络，胃火熏蒸牙龈，气血壅滞,君：黄连；臣：升麻；佐：生地黄、当归身、牡丹皮；使：升麻,苦寒清泻与升散并用，清胃热而不伤阴，凉血热而不留瘀,辨证要点：牙痛、齿喜冷恶热、牙龈红肿溃烂、舌红苔黄脉滑数；阴虚火旺者慎用
清热剂?清脏腑热,玉女煎,石膏三至五钱（9～15g）、熟地三至五钱或一两（9～15g 或 30g）、麦冬二钱（6g）、知母、牛膝各一钱半（各 4.5g）,水煎服,清胃热，滋肾阴,胃热阴虚证：头痛，牙痛，齿松牙衄，烦热干渴，舌红苔黄而干；亦治消渴，消谷善饥等,胃热阴虚，胃火上炎，灼伤牙龈，肾阴不足，不能上济于胃，胃热耗伤肾阴,君：石膏；臣：熟地；佐：知母、麦冬、牛膝；使：无,清胃热与滋肾阴并用，虚实兼顾，清中有补，补中有清，以清为主,辨证要点：牙痛、烦热干渴、舌红苔黄而干、脉细数；脾胃虚寒者禁用
清热剂?清脏腑热,芍药汤,芍药一两（30g）、当归半两（15g）、黄连半两（15g）、槟榔二钱（6g）、木香二钱（6g）、甘草二钱（6g）、大黄三钱（6g）、黄芩三钱（9g）、官桂一钱（5g）,水煎服,清热燥湿，调气和血,湿热痢疾：腹痛，便脓血，赤白相兼，里急后重，肛门灼热，小便短赤，苔黄腻，脉弦数,湿热壅滞肠中，气血失调，传导失司，湿热下注肠道，气机阻滞，血行不畅,君：黄芩、黄连；臣：芍药、当归、木香、槟榔；佐：大黄、官桂；使：甘草,主以苦燥，辅以甘柔，佐温于寒，气血同调，通因通用,辨证要点：痢下赤白、腹痛里急、苔腻微黄、脉弦数；虚寒痢疾者禁用
清热剂?清脏腑热,白头翁汤,白头翁二两（15g）、黄柏三两（9g）、黄连三两（9g）、秦皮三两（9g）,水煎服,清热解毒，凉血止痢,热毒痢疾：腹痛，里急后重，肛门灼热，下痢脓血，赤多白少，渴欲饮水，舌红苔黄，脉弦数,热毒深陷血分，熏灼肠道，气血壅滞，传导失司，热毒损伤肠络，血溢脉外,君：白头翁；臣：黄连、黄柏；佐：秦皮；使：无,苦寒直折，清热解毒与凉血止痢并重，清解之中寓有收涩,辨证要点：下痢脓血、赤多白少、肛门灼热、舌红苔黄脉弦数；虚寒痢疾者禁用
清热剂?清虚热,青蒿鳖甲汤,青蒿二钱（6g）、鳖甲五钱（15g）、细生地四钱（12g）、知母二钱（6g）、丹皮三钱（9g）,水煎服,养阴透热,温病后期，邪伏阴分证：夜热早凉，热退无汗，舌红苔少，脉细数,温病后期，阴液已伤，余邪深伏阴分，阴分本虚，邪热内伏，正邪交争于阴分,君：青蒿、鳖甲；臣：生地、知母；佐：丹皮；使：无,滋中有清，清中有透，邪正兼顾，先入后出,辨证要点：夜热早凉、热退无汗、舌红少苔、脉细数；阴虚火旺者慎用
清热剂?清虚热,清骨散,银柴胡一钱五分（5g）、胡黄连、秦艽、鳖甲醋炙、地骨皮、青蒿、知母各一钱（各 3g）、甘草五分（2g）,水煎服,清虚热，退骨蒸,肝肾阴虚，虚火内扰证：骨蒸潮热，或低热日久不退，形体消瘦，唇红颧赤，困倦盗汗,肝肾阴虚，虚火内扰，阴液耗伤，虚火内生，熏蒸骨骼，外泄肌肤,君：银柴胡；臣：胡黄连、地骨皮、知母；佐：秦艽、青蒿、鳖甲；使：甘草,清虚热与滋阴并用，清退虚热为主，滋阴为辅，标本兼顾,辨证要点：骨蒸潮热、形体消瘦、盗汗、舌红少苔、脉细数；脾胃虚寒者禁用
清热剂?清虚热,当归六黄汤,当归、生地黄、黄芩、黄柏、黄连、熟地黄各等分（各 6g）、黄芪加一倍（12g）,水煎服,滋阴泻火，固表止汗,阴虚火旺盗汗：发热盗汗，面赤心烦，口干唇燥，大便干结，小便黄赤，舌红苔黄，脉数,阴虚火旺，虚火内生，灼伤津液，迫津外泄，阴虚不能制阳，阳亢生热,君：当归、生地黄、熟地黄；臣：黄芩、黄连、黄柏；佐使：黄芪,滋阴与泻火并用，益气与固表兼顾，标本同治，以滋阴泻火为主，益气固表为辅,辨证要点：发热盗汗、面赤心烦、口干唇燥、舌红苔黄脉数；脾胃虚寒者禁用
祛暑剂?祛暑解表,香薷散,香薷一斤（12g）、白扁豆微炒、厚朴姜制，各半斤（各 6g）,水煎服，加酒少许,祛暑解表，化湿和中,阴暑：恶寒发热，头重身痛，无汗，胸闷，舌苔白腻，脉浮,夏月乘凉饮冷，外感风寒，内伤湿滞，寒邪束表，卫阳被遏，湿邪内阻，气机不畅,君：香薷；臣：厚朴；佐：白扁豆；使：酒,辛温解表与化湿和中并用，表里同治，以解表为主，化湿为辅,辨证要点：恶寒发热、头重身痛、无汗胸闷、舌苔白腻、脉浮；阳暑者禁用
祛暑剂?祛暑利湿,六一散,滑石六两（18g）、甘草一两（3g）,为散剂，每服 6～9g，日 2～3 次，温开水送服；或作汤剂，水煎服,清暑利湿,暑湿证：身热烦渴，小便不利，或泄泻；亦治痱子、湿疹，小便黄少,暑热夹湿，暑热伤津，湿阻气机，暑热内盛，灼伤津液，湿邪阻滞，膀胱气化不利,君：滑石；臣：甘草,清热与利湿并用，清暑而不伤正，利湿而不耗津，药性平和,辨证要点：身热烦渴、小便不利、舌红苔白或黄、脉滑数；阴虚火旺者慎用
祛暑剂?祛暑益气,清暑益气汤,西洋参 5g、石斛 15g、麦冬 9g、黄连 3g、竹叶 6g、荷梗 15g、知母 6g、甘草 3g、粳米 15g、西瓜翠衣 30g,水煎服,清暑益气，养阴生津,暑热气津两伤证：身热汗多，口渴心烦，小便短赤，体倦少气，精神不振，脉虚数,暑热内盛，耗伤气津，暑热灼伤津液，耗伤元气，暑热扰心，气机不畅,君：西瓜翠衣、西洋参；臣：石斛、麦冬、黄连、竹叶、荷梗；佐：知母；使：甘草、粳米,清暑、益气、养阴三法并用，清暑热而不伤阴，益气养阴而不恋邪,辨证要点：身热汗多、口渴心烦、体倦少气、脉虚数；脾胃虚寒者禁用
温里剂?温中祛寒,理中丸,人参、干姜、白术、炙甘草各三两（各 9g）,为丸剂，每服 6～9g，日 2～3 次；或作汤剂，水煎服,温中祛寒，补气健脾,脾胃虚寒证：脘腹疼痛，喜温喜按，呕吐泄泻，脘痞食少，畏寒肢冷，口淡不渴，舌淡苔白，脉沉细,脾胃虚寒，运化失常，寒邪内生，脾胃阳气不足，温煦失职，运化无力，水湿内停,君：干姜；臣：人参；佐：白术；使：炙甘草,温中与补气并用，温而不燥，补而不滞，标本兼顾，以温中为主，补气为辅,辨证要点：脘腹疼痛、喜温喜按、呕吐泄泻、畏寒肢冷、舌淡苔白脉沉细；阴虚火旺者禁用
温里剂?温中祛寒,小建中汤,桂枝去皮，三两（9g）、芍药六两（18g）、炙甘草二两（6g）、生姜切，三两（9g）、大枣擘，十二枚（6g）、饴糖一升（30g）,水煎服，饴糖烊化,温中补虚，和里缓急,中焦虚寒，肝脾不和证：脘腹拘急疼痛，喜温喜按，神疲乏力，虚怯少气；或心中悸动，虚烦不宁,中焦虚寒，肝脾不和，脾胃阳气不足，温煦失职，肝失疏泄，气机不畅，气血不足,君：饴糖；臣：桂枝、芍药；佐：生姜、大枣；使：炙甘草,温中与补虚并用，和里与缓急兼顾，辛甘化阳，酸甘化阴，阴阳双补，以温中为主,辨证要点：脘腹拘急疼痛、喜温喜按、神疲乏力、舌淡苔白脉细弦；阴虚火旺者禁用
温里剂?温中祛寒,吴茱萸汤,吴茱萸洗，一升（9g）、人参三两（9g）、生姜切，六两（18g）、大枣擘，十二枚（4 枚）,水煎服,温中补虚，降逆止呕,胃寒呕吐证；肝寒上逆证：干呕，吐涎沫，头痛（巅顶痛甚）；肾寒上逆证：呕吐下利，手足厥冷,胃寒失和，肝寒上逆，肾寒上逆，脾胃虚寒，升降失常，肝寒循经上逆，肾寒循经上逆,君：吴茱萸；臣：生姜；佐：人参；使：大枣,温中与降逆并用，补虚与散寒兼顾，标本同治，以温中降逆为主，补虚散寒为辅,辨证要点：呕吐、头痛（巅顶痛）、手足厥冷、舌淡苔白滑、脉沉弦；阴虚火旺者禁用
温里剂?温中祛寒,大建中汤,蜀椒去汗，二合（6g）、干姜四两（12g）、人参二两（6g）,水煎服，胶饴烊化,温中补虚，降逆止痛,中阳衰弱，阴寒内盛证：脘腹剧痛，连及心胸，腹中寒气上下攻冲，疼痛不可触近，呕不能食,中阳衰弱，阴寒内盛，寒邪凝滞，气机阻滞，脾胃阳气不足，温煦失职，寒邪内盛,君：干姜；臣：蜀椒；佐：人参；使：胶饴,温中与补虚并用，散寒与止痛兼顾，药性峻猛，温阳散寒之力强,辨证要点：脘腹剧痛、疼痛不可触近、呕不能食、舌苔白滑、脉沉迟；阴虚火旺者禁用
温里剂?回阳救逆,四逆汤,附子生用，去皮，破八片，一枚（15g）、干姜一两半（6g）、甘草炙，二两（6g）,水煎服，附子先煎 30～60 分钟,回阳救逆,少阴病，心肾阳衰寒厥证：四肢厥逆，恶寒蜷卧，神衰欲寐，面色苍白，腹痛下利，呕吐不渴,心肾阳衰，阴寒内盛，阳气衰微，不能温煦四肢，寒邪内盛，气机阻滞，运化失常,君：附子；臣：干姜；佐使：炙甘草,辛热峻猛，回阳救逆，温中散寒，补气温中，标本同治，以回阳为主,辨证要点：四肢厥逆、恶寒蜷卧、神衰欲寐、面色苍白、脉微细；阴虚火旺者禁用，孕妇慎用
温里剂?回阳救逆,回阳救急汤,熟附子三钱（9g）、干姜三钱（9g）、人参三钱（9g）、白术三钱（9g）、茯苓三钱（9g）、陈皮三钱（9g）、甘草二钱（6g）、五味子二钱（6g）、半夏三钱（9g）、麝香三厘（0.1g）,水煎服，麝香冲服,回阳救急，益气生脉,寒邪直中三阴，真阳衰微证：四肢厥冷，恶寒蜷卧，腹痛吐泻，神衰欲寐，或身寒战栗，唇指青紫,寒邪直中三阴，真阳衰微，阳气衰微，不能温煦四肢，寒邪内盛，气机阻滞，运化失常，气血不足,君：熟附子、干姜；臣：人参、白术、茯苓、甘草；佐：陈皮、半夏、五味子；使：麝香,回阳与益气并用，散寒与化痰兼顾，标本同治，以回阳救急为主，益气生脉为辅,辨证要点：四肢厥冷、恶寒蜷卧、腹痛吐泻、神衰欲寐、脉沉微；阴虚火旺者禁用
温里剂?温经散寒,当归四逆汤,当归三两（12g）、桂枝三两（9g）、芍药三两（9g）、细辛三两（3g）、甘草炙，二两（6g）、通草二两（6g）、大枣擘，二十五枚（12g）,水煎服,温经散寒，养血通脉,血虚寒厥证：手足厥寒，或腰、股、腿、足、肩臂疼痛，口不渴，舌淡苔白，脉沉细或细而欲绝,血虚受寒，寒凝血滞，气血不足，寒邪凝滞，经脉不畅，四肢失温，气血运行不畅,君：当归、桂枝；臣：芍药、细辛；佐：通草、大枣；使：炙甘草,温经与养血并用，散寒与通脉兼顾，标本同治，以温经散寒为主，养血通脉为辅,辨证要点：手足厥寒、肢体疼痛、舌淡苔白、脉沉细；阴虚火旺者禁用
温里剂?温经散寒,黄芪桂枝五物汤,黄芪三两（9g）、芍药三两（9g）、桂枝三两（9g）、生姜六两（12g）、大枣擘，十二枚（4 枚）,水煎服,益气温经，和血通痹,血痹，肌肤麻木不仁，脉微涩而紧,气虚血滞，感受风邪，气虚不能温煦血脉，血滞不能濡养肌肤，风邪侵袭，经脉阻滞,君：黄芪；臣：桂枝、芍药；佐：生姜、大枣；使：无,益气与温经并用，和血与通痹兼顾，标本同治，以益气为主，温经和血为辅,辨证要点：肌肤麻木不仁、脉微涩而紧；阴虚火旺者禁用
温里剂?温经散寒,暖肝煎,当归二钱（6g）、枸杞子三钱（9g）、小茴香二钱（6g）、肉桂一钱（3g）、乌药二钱（6g）、沉香一钱（3g）、茯苓二钱（6g）,水煎服,温补肝肾，行气止痛,肝肾不足，寒滞肝脉证：睾丸冷痛，或小腹疼痛，疝气痛，畏寒喜暖，舌淡苔白，脉沉迟,肝肾不足，寒滞肝脉，肝肾阳虚，温煦失职，寒邪凝滞，气机阻滞，经脉不畅,君：肉桂、小茴香；臣：当归、枸杞子；佐：乌药、沉香、茯苓；使：无,温补与行气并用，标本同治，以温补肝肾为主，行气止痛为辅,辨证要点：睾丸冷痛、畏寒喜暖、舌淡苔白、脉沉迟；阴虚火旺者禁用
清热剂?清气分热,白虎汤,石膏碎，一斤（50g）、知母六两（18g）、甘草炙，二两（6g）、粳米六合（9g）,水煎，米熟汤成，温服,清热生津,气分热盛证：壮热面赤，烦渴引饮，汗出恶热，脉洪大有力,伤寒化热内传阳明经，或温邪由卫及气，肺胃热盛，热炽伤津,君：石膏；臣：知母；佐：粳米、炙甘草；使：炙甘草,重用辛寒清气，伍以苦寒质润，少佐甘温和中，清不伤阴，寒不伤中,辨证要点：大热、大汗、大渴、脉洪大；禁忌：表不解、无汗者禁用，脉浮弦而细、脉沉者禁用
清热剂?清营凉血,清营汤,水牛角 30g（代犀角）、生地黄五钱（15g）、元参三钱（9g）、竹叶心一钱（3g）、麦冬三钱（9g）、丹参二钱（6g）、黄连一钱五分（5g）、银花三钱（9g）、连翘连心用，二钱（6g）,作汤剂，水牛角镑片先煎，后下余药,清营解毒，透热养阴,热入营分证：身热夜甚，神烦少寐，时有谵语，目常喜开或喜闭，口渴或不渴，斑疹隐隐,邪热内传营分，耗伤营阴，营气通于心，热扰心营，营热波及血分,君：水牛角；臣：生地黄、麦冬、玄参；佐：银花、连翘、竹叶、黄连、丹参；使：无,辛苦甘寒以滋养清解，透热转气以入营清散,辨证要点：身热夜甚、神烦少寐、斑疹隐隐、舌绛而干、脉数；禁忌：舌白滑者禁用
清热剂?清热解毒,黄连解毒汤,黄连三两（9g）、黄芩二两（6g）、黄柏二两（6g）、栀子十四枚（9g）,水煎服,泻火解毒,三焦火毒证：大热烦躁，口燥咽干，错语不眠；或热病吐血、衄血；或热甚发斑,三焦火毒炽盛，热扰心神，灼伤津液，迫血妄行，热毒外发肌肤，下注肠道,君：黄连；臣：黄芩、黄柏；佐使：栀子,苦寒直折，三焦并清，泻火解毒,辨证要点：大热烦躁、口燥咽干、舌红苔黄、脉数有力；脾胃虚寒者禁用，阴虚火旺者慎用
清热剂?清热解毒,凉膈散,川大黄、朴硝、甘草炙各二十两（各 60g）、山栀子仁、薄荷叶、黄芩各十两（各 30g）、连翘二斤半（125g）,水煎服，芒硝溶服,泻火通便，清上泄下,上中二焦邪郁生热证：烦躁口渴，面赤唇焦，胸膈烦热，口舌生疮，或咽痛吐衄，便秘溲赤,上中二焦邪郁生热，热聚胸膈，灼伤津液，气机不畅，热邪上炎，下移肠道,君：连翘；臣：黄芩、栀子、薄荷；佐：大黄、芒硝；使：甘草、蜂蜜,清上与泄下并行，泻热通便，清上泄下，以清上为主,辨证要点：烦躁口渴、胸膈烦热、口舌生疮、便秘溲赤、舌红苔黄脉滑数；孕妇慎用
清热剂?清脏腑热,导赤散,生地黄、木通、生甘草梢各等分（各 6g）,水煎服，加竹叶 3g,清心利水养阴,心经火热证：心胸烦热，口渴面赤，意欲饮冷，以及口舌生疮；或心热移于小肠，小便赤涩刺痛,心经火热，灼伤津液，心火下移小肠，心与小肠相表里，心火循经下移,君：生地黄；臣：木通；佐：竹叶；使：生甘草梢,清心与利水并用，滋阴与清热兼顾，使清热而不伤阴，利水而不伤正,辨证要点：心胸烦热、口舌生疮、小便赤涩刺痛、舌红脉数；脾胃虚寒者慎用
清热剂?清脏腑热,左金丸,黄连六两（18g）、吴茱萸一两（3g）,为丸剂，每服 6g，日 2 次；或作汤剂，水煎服,清泻肝火，降逆止呕,肝火犯胃证：胁肋胀痛，嘈杂吞酸，呕吐口苦，舌红苔黄，脉弦数,肝火犯胃，肝失疏泄，胃失和降，肝火旺盛，横逆犯胃,君：黄连；臣：吴茱萸；使：无,苦辛并用，寒热错杂，以苦为主，辛为佐使，肝胃同治，泻火而不凉遏，降逆而不助火,辨证要点：胁肋胀痛、嘈杂吞酸、呕吐口苦、舌红苔黄脉弦数；脾胃虚寒者禁用
清热剂?清脏腑热,泻白散,地骨皮、桑白皮炒，各一两（各 15g）、甘草炙，一钱（3g）,水煎服，加粳米 10g,清泻肺热，平喘止咳,肺热喘咳证：气喘咳嗽，皮肤蒸热，日晡尤甚，舌红苔黄，脉细数,肺热壅盛，肺失清肃，肺气上逆，肺热灼伤津液，热伏肺中，外蒸肌肤,君：桑白皮；臣：地骨皮；佐：粳米、甘草；使：甘草,清中有润，泻中有补，清泻肺热而不伤阴，润肺止咳而不恋邪,辨证要点：气喘咳嗽、皮肤蒸热、日晡尤甚、舌红苔黄脉细数；肺寒咳嗽者禁用
清热剂?清脏腑热,玉女煎,石膏三至五钱（9～15g）、熟地三至五钱或一两（9～15g 或 30g）、麦冬二钱（6g）、知母、牛膝各一钱半（各 4.5g）,水煎服,清胃热，滋肾阴,胃热阴虚证：头痛，牙痛，齿松牙衄，烦热干渴，舌红苔黄而干；亦治消渴，消谷善饥等,胃热阴虚，胃火上炎，灼伤牙龈，肾阴不足，不能上济于胃，胃热耗伤肾阴,君：石膏；臣：熟地；佐：知母、麦冬、牛膝；使：无,清胃热与滋肾阴并用，虚实兼顾，清中有补，补中有清，以清为主,辨证要点：牙痛、烦热干渴、舌红苔黄而干、脉细数；脾胃虚寒者禁用
清热剂?清脏腑热,白头翁汤,白头翁二两（15g）、黄柏三两（9g）、黄连三两（9g）、秦皮三两（9g）,水煎服,清热解毒，凉血止痢,热毒痢疾：腹痛，里急后重，肛门灼热，下痢脓血，赤多白少，渴欲饮水，舌红苔黄，脉弦数,热毒深陷血分，熏灼肠道，气血壅滞，传导失司，热毒损伤肠络，血溢脉外,君：白头翁；臣：黄连、黄柏；佐：秦皮；使：无,苦寒直折，清热解毒与凉血止痢并重，清解之中寓有收涩,辨证要点：下痢脓血、赤多白少、肛门灼热、舌红苔黄脉弦数；虚寒痢疾者禁用
清热剂?清虚热,青蒿鳖甲汤,青蒿二钱（6g）、鳖甲五钱（15g）、细生地四钱（12g）、知母二钱（6g）、丹皮三钱（9g）,水煎服,养阴透热,温病后期，邪伏阴分证：夜热早凉，热退无汗，舌红苔少，脉细数,温病后期，阴液已伤，余邪深伏阴分，阴分本虚，邪热内伏，正邪交争于阴分,君：青蒿、鳖甲；臣：生地、知母；佐：丹皮；使：无,滋中有清，清中有透，邪正兼顾，先入后出,辨证要点：夜热早凉、热退无汗、舌红少苔、脉细数；阴虚火旺者慎用
清热剂?清虚热,清骨散,银柴胡一钱五分（5g）、胡黄连、秦艽、鳖甲醋炙、地骨皮、青蒿、知母各一钱（各 3g）、甘草五分（2g）,水煎服,清虚热，退骨蒸,肝肾阴虚，虚火内扰证：骨蒸潮热，或低热日久不退，形体消瘦，唇红颧赤，困倦盗汗,肝肾阴虚，虚火内扰，阴液耗伤，虚火内生，熏蒸骨骼，外泄肌肤,君：银柴胡；臣：胡黄连、地骨皮、知母；佐：秦艽、青蒿、鳖甲；使：甘草,清虚热与滋阴并用，清退虚热为主，滋阴为辅，标本兼顾,辨证要点：骨蒸潮热、形体消瘦、盗汗、舌红少苔、脉细数；脾胃虚寒者禁用
祛暑剂?祛暑解表,香薷散,香薷一斤（12g）、白扁豆微炒、厚朴姜制，各半斤（各 6g）,水煎服，加酒少许,祛暑解表，化湿和中,阴暑：恶寒发热，头重身痛，无汗，胸闷，舌苔白腻，脉浮,夏月乘凉饮冷，外感风寒，内伤湿滞，寒邪束表，卫阳被遏，湿邪内阻，气机不畅,君：香薷；臣：厚朴；佐：白扁豆；使：酒,辛温解表与化湿和中并用，表里同治，以解表为主，化湿为辅,辨证要点：恶寒发热、头重身痛、无汗胸闷、舌苔白腻、脉浮；阳暑者禁用
祛暑剂?祛暑利湿,六一散,滑石六两（18g）、甘草一两（3g）,为散剂，每服 6～9g，日 2～3 次，温开水送服；或作汤剂，水煎服,清暑利湿,暑湿证：身热烦渴，小便不利，或泄泻；亦治痱子、湿疹，小便黄少,暑热夹湿，暑热伤津，湿阻气机，暑热内盛，灼伤津液，湿邪阻滞，膀胱气化不利,君：滑石；臣：甘草,清热与利湿并用，清暑而不伤正，利湿而不耗津，药性平和,辨证要点：身热烦渴、小便不利、舌红苔白或黄、脉滑数；阴虚火旺者慎用
温里剂?温中祛寒,理中丸,人参、干姜、白术、炙甘草各三两（各 9g）,为丸剂，每服 6～9g，日 2～3 次；或作汤剂，水煎服,温中祛寒，补气健脾,脾胃虚寒证：脘腹疼痛，喜温喜按，呕吐泄泻，脘痞食少，畏寒肢冷，口淡不渴，舌淡苔白，脉沉细,脾胃虚寒，运化失常，寒邪内生，脾胃阳气不足，温煦失职，运化无力，水湿内停,君：干姜；臣：人参；佐：白术；使：炙甘草,温中与补气并用，温而不燥，补而不滞，标本兼顾，以温中为主，补气为辅,辨证要点：脘腹疼痛、喜温喜按、呕吐泄泻、畏寒肢冷、舌淡苔白脉沉细；阴虚火旺者禁用
温里剂?温中祛寒,小建中汤,桂枝去皮，三两（9g）、芍药六两（18g）、炙甘草二两（6g）、生姜切，三两（9g）、大枣擘，十二枚（6g）、饴糖一升（30g）,水煎服，饴糖烊化,温中补虚，和里缓急,中焦虚寒，肝脾不和证：脘腹拘急疼痛，喜温喜按，神疲乏力，虚怯少气；或心中悸动，虚烦不宁,中焦虚寒，肝脾不和，脾胃阳气不足，温煦失职，肝失疏泄，气机不畅，气血不足,君：饴糖；臣：桂枝、芍药；佐：生姜、大枣；使：炙甘草,温中与补虚并用，和里与缓急兼顾，辛甘化阳，酸甘化阴，阴阳双补，以温中为主,辨证要点：脘腹拘急疼痛、喜温喜按、神疲乏力、舌淡苔白脉细弦；阴虚火旺者禁用
温里剂?回阳救逆,四逆汤,附子生用，去皮，破八片，一枚（15g）、干姜一两半（6g）、甘草炙，二两（6g）,水煎服，附子先煎 30～60 分钟,回阳救逆,少阴病，心肾阳衰寒厥证：四肢厥逆，恶寒蜷卧，神衰欲寐，面色苍白，腹痛下利，呕吐不渴,心肾阳衰，阴寒内盛，阳气衰微，不能温煦四肢，寒邪内盛，气机阻滞，运化失常,君：附子；臣：干姜；佐使：炙甘草,辛热峻猛，回阳救逆，温中散寒，补气温中，标本同治，以回阳为主,辨证要点：四肢厥逆、恶寒蜷卧、神衰欲寐、面色苍白、脉微细；阴虚火旺者禁用，孕妇慎用
温里剂?温经散寒,当归四逆汤,当归三两（12g）、桂枝三两（9g）、芍药三两（9g）、细辛三两（3g）、甘草炙，二两（6g）、通草二两（6g）、大枣擘，二十五枚（12g）,水煎服,温经散寒，养血通脉,血虚寒厥证：手足厥寒，或腰、股、腿、足、肩臂疼痛，口不渴，舌淡苔白，脉沉细或细而欲绝,血虚受寒，寒凝血滞，气血不足，寒邪凝滞，经脉不畅，四肢失温，气血运行不畅,君：当归、桂枝；臣：芍药、细辛；佐：通草、大枣；使：炙甘草,温经与养血并用，散寒与通脉兼顾，标本同治，以温经散寒为主，养血通脉为辅,辨证要点：手足厥寒、肢体疼痛、舌淡苔白、脉沉细；阴虚火旺者禁用
表里双解剂?解表攻里,大柴胡汤,柴胡半斤（24g）、黄芩三两（9g）、芍药三两（9g）、半夏洗，半升（9g）、生姜五两（15g）、枳实炙，四枚（12g）、大枣擘，十二枚、大黄二两（6g）,水煎服，大黄后下,和解少阳，内泻热结,少阳阳明合病：往来寒热，胸胁苦满，呕不止，郁郁微烦，心下痞硬，大便秘结，舌苔黄，脉弦数有力,少阳邪未解，阳明热已结，少阳枢机不利，阳明腑气不通,君：柴胡、大黄；臣：黄芩、枳实；佐：芍药、半夏、生姜、大枣；使：无,和解少阳兼泻阳明，表里双解，以和解为主,辨证要点：往来寒热、胸胁满、呕不止、便秘；纯少阳证、纯里虚者不宜
表里双解剂?解表攻里,防风通圣散,防风、荆芥、连翘、麻黄、薄荷、川芎、当归、白芍、白术、山栀、大黄、芒硝、石膏、黄芩、桔梗、甘草、滑石各适量,为散，每服 6g；或作汤剂,疏风解表，泻热通便,风热壅盛，表里俱实：憎寒壮热，头目昏眩，目赤口苦，咽喉不利，涕唾稠黏，大便秘结，小便赤涩,外感风邪，内有蕴热，表里俱实，三焦壅滞,君：防风、麻黄、薄荷、荆芥；大黄、芒硝；臣：石膏、黄芩、连翘、栀子；佐：桔梗、当归、白芍、川芎、白术、滑石；使：甘草,汗、清、下三法并用，表里双解，上下分消,辨证要点：寒热俱重、便秘尿赤、苔黄腻；体虚便溏者禁用
表里双解剂?解表清里,葛根黄芩黄连汤,葛根半斤（15g）、炙甘草二两（6g）、黄芩三两（9g）、黄连三两（9g）,水煎服,解表清里,协热下利：身热下利，胸脘烦热，口干作渴，喘而汗出，舌红苔黄，脉数,表证未解，邪热入里，下迫大肠，肠热下利,君：葛根；臣：黄芩、黄连；佐使：炙甘草,外解肌表，内清肠热，表里同治,辨证要点：身热、下利臭秽、苔黄脉数；虚寒下利禁用
表里双解剂?解表温里,五积散,苍术、桔梗、枳壳、陈皮、芍药、白芷、川芎、当归、甘草、肉桂、茯苓、半夏、厚朴、干姜、麻黄各等分,加生姜，水煎服,发表温里，顺气化痰，活血消积,外感风寒，内伤生冷：身热无汗，头痛身痛，项背拘急，胸满恶食，呕吐腹痛；妇女血气不和，心腹疼痛，月经不调,寒、湿、气、血、痰五积郁滞，表里同病,君：麻黄、白芷；干姜、肉桂；臣：苍术、厚朴；半夏、茯苓；佐：陈皮、枳壳；当归、川芎、芍药；使：甘草,温散表里，兼调气血痰食，一方治五积,辨证要点：无汗身痛、胸腹胀满、苔白腻；阴虚内热者忌用
表里双解剂?解表攻里,厚朴七物汤,厚朴半斤（24g）、甘草三两（9g）、大黄三两（9g）、大枣十枚、枳实五枚、桂枝二两（6g）、生姜五两（15g）,水煎服,解肌发表，行气通便,太阳阳明合病：发热，腹满痛，大便不通，脉浮而数,表有风寒，里有腑实，表里同病,君：桂枝、大黄；臣：厚朴、枳实；佐：生姜、大枣；使：甘草,解表通腑并行，表里双解，以通腑为主,辨证要点：发热、腹满痛、便秘；里虚者禁用
补益剂?补气,四君子汤,人参、白术、茯苓各三两（各 9g）、炙甘草二两（6g）,水煎服,益气健脾,脾胃气虚证：面色萎白，语声低微，气短乏力，食少便溏，舌淡苔白，脉虚弱,脾胃气虚，运化无力，气血生化不足,君：人参；臣：白术；佐：茯苓；使：炙甘草,甘温益气，健脾渗湿，补而不滞,辨证要点：气短乏力、食少便溏、舌淡脉弱；阴虚火旺者慎用
补益剂?补气,参苓白术散,人参、白术、白茯苓、山药、白扁豆、莲子、薏苡仁、缩砂仁、桔梗、甘草各适量,为散，每服 6g；或作汤剂,益气健脾，渗湿止泻,脾虚湿盛证：饮食不化，胸脘痞闷，肠鸣泄泻，四肢乏力，形体消瘦，面色萎黄，舌淡苔白腻，脉虚缓,脾虚失运，湿浊内生，清浊不分,君：人参、白术、茯苓；臣：山药、莲子、扁豆、苡仁；佐：砂仁、桔梗；使：甘草,补气健脾与渗湿止泻同用，培土生金,辨证要点：泄泻、乏力、苔白腻；湿热泄泻禁用
补益剂?补气,补中益气汤,黄芪、炙甘草、人参、当归、橘皮、升麻、柴胡、白术各适量,水煎服,补中益气，升阳举陷,①脾虚气陷证；②气虚发热证：身热自汗，渴喜热饮，气短乏力，舌淡，脉虚大无力,中气不足，清阳下陷，气虚发热,君：黄芪；臣：人参、白术；佐：当归、陈皮、升麻、柴胡；使：炙甘草,补中益气，升阳举陷，甘温除热,辨证要点：体倦乏力、脏器下垂、脉虚；阴虚火旺、实证发热禁用
补益剂?补气,生脉散,人参五分（9g）、麦门冬五分（9g）、五味子七粒（6g）,水煎服,益气生津，敛阴止汗,①暑热耗气伤阴；②久咳肺虚，气阴两虚,暑热或久咳耗伤气阴，津气两虚,君：人参；臣：麦冬；佐：五味子,益气、生津、敛阴，补敛并施,辨证要点：汗多、气短、口干、脉虚；暑病夹湿、咳嗽痰多者慎用
补益剂?补气,玉屏风散,防风一两（6g）、黄芪蜜炙，二两（12g）、白术二两（12g）,为散，每服 6g；或作汤剂,益气固表止汗,表虚自汗：汗出恶风，面色?白，舌淡苔薄白，脉浮虚；亦治虚人易感风邪,卫气虚弱，腠理不固，易感外邪,君：黄芪；臣：白术；佐：防风,益气固表，补中兼散，散不伤正,辨证要点：自汗恶风、易感风邪；外感自汗、阴虚盗汗禁用
补益剂?补气,完带汤,白术、山药、人参、白芍、车前子、苍术、甘草、陈皮、黑芥穗、柴胡各适量,水煎服,补脾疏肝，化湿止带,脾虚肝郁，湿浊带下：带下色白，清稀如涕，面色?白，倦怠便溏，舌淡苔白，脉缓或濡弱,脾虚不运，肝郁不舒，湿浊下注带脉,君：白术、山药；臣：人参、白芍；佐：苍术、车前子、陈皮、芥穗、柴胡；使：甘草,补脾疏肝，化湿止带，寓补于散,辨证要点：带下清稀色白、体倦便溏；湿热带下禁用
补益剂?补血,四物汤,当归、川芎、白芍、熟干地黄各等分（各 9g）,水煎服,补血和血,营血虚滞证：头晕目眩，心悸失眠，面色无华，月经不调，量少或经闭，脐腹作痛，舌淡，脉细弦或细涩,营血亏虚，血行不畅，冲任虚损,君：熟地；臣：当归；佐：白芍；使：川芎,补血而不滞血，行血而不伤血,辨证要点：面色无华、心悸、舌淡脉细；阴虚发热、血崩气脱者慎用
补益剂?补血,当归补血汤,黄芪一两（30g）、当归二钱（6g）,水煎服,补气生血,血虚阳浮发热：肌热面红，烦渴欲饮，脉洪大而虚，重按无力；亦治产后、疮疡后血虚发热,血虚气弱，阳气浮越，有形之血不能速生，无形之气所当急固,君：黄芪；臣：当归,重用补气以生血，阳生阴长,辨证要点：肌热烦渴、脉洪大而虚；外感发热、阴虚内热禁用
补益剂?补血,归脾汤,白术、当归、白茯苓、黄芪、远志、龙眼肉、酸枣仁、人参、木香、炙甘草、生姜、大枣各适量,水煎服,益气补血，健脾养心,①心脾气血两虚证；②脾不统血证：便血，紫癜，崩漏，月经超前量多,思虑过度，心脾两虚，气血不足，脾不统血,君：黄芪、人参；臣：当归、龙眼肉、酸枣仁、远志；佐：白术、茯苓、木香；使：甘草、姜枣,心脾同治，气血并补，补气以摄血,辨证要点：心悸失眠、体倦食少、便血崩漏；有痰湿、瘀血者慎用
补益剂?气血双补,八珍汤,人参、白术、白茯苓、当归、川芎、白芍、熟地、炙甘草各等分,加姜枣，水煎服,益气补血,气血两虚证：面色苍白或萎黄，头晕目眩，四肢倦怠，气短懒言，心悸，舌淡苔薄白，脉细弱,气血俱虚，脏腑失养,君：人参、熟地；臣：白术、茯苓、当归、白芍；佐：川芎；使：甘草、姜枣,四君子合四物，气血双补,辨证要点：面色无华、乏力心悸、舌淡脉细；实证禁用
补益剂?气血双补,炙甘草汤,炙甘草、生姜、桂枝、人参、生地黄、阿胶、麦门冬、麻仁、大枣各适量,酒水同煎，阿胶烊化,益气滋阴，通阳复脉,①阴血阳气虚弱，心脉失养证；②虚劳肺痿：干咳少痰，形瘦短气，虚烦不眠,气血阴阳俱虚，心脉失养，肺叶痿弱,君：炙甘草、生地；臣：人参、桂枝、阿胶、麦冬；佐：麻仁、姜枣；使：无,益气滋阴，通阳复脉，气血阴阳并补,辨证要点：心悸、脉结代、虚羸少气；脾虚便溏者慎用
补益剂?气血双补,十全大补汤,八珍汤加黄芪、肉桂,水煎服,温补气血,气血两虚偏寒：面色萎黄，倦怠食少，头晕，心悸，自汗盗汗，四肢不温，腰膝无力，崩漏月经不调,气血不足，兼阳气亏虚,君：人参、熟地、黄芪、肉桂；余同八珍,气血双补，加温阳之品，偏于温补,辨证要点：气血两虚兼畏寒肢冷；阴虚火旺禁用
补益剂?气血双补,人参养荣汤,黄芪、当归、桂心、甘草、橘皮、白术、人参、白芍、熟地、五味子、茯苓、远志、姜枣,水煎服,益气补血，养心安神,心脾气血两虚：倦怠无力，食少，惊悸健忘，夜寐不安，虚热自汗，咽干唇燥，形体消瘦,心脾不足，气血亏虚，心神失养,君：人参、黄芪、熟地；臣：当归、白芍；佐：远志、五味、陈皮等；使：甘草,益气补血，兼养心安神，补而不滞,辨证要点：心悸失眠、体倦消瘦、舌淡脉虚
补益剂?补阴,六味地黄丸,熟地黄八钱（24g）、山萸肉、干山药各四钱（各 12g）、泽泻、牡丹皮、茯苓各三钱（各 9g）,为丸或作汤剂,滋补肝肾,肝肾阴虚证：腰膝酸软，头晕目眩，耳鸣耳聋，盗汗遗精，消渴，骨蒸潮热，手足心热，舌红少苔，脉沉细数,肝肾阴虚，虚火内扰,君：熟地；臣：山萸肉、山药；佐：泽泻、丹皮、茯苓,三补三泻，以补为主，补而不腻,辨证要点：腰膝酸软、潮热盗汗、舌红少苔；阳虚畏寒者禁用
补益剂?补阴,左归丸,熟地、山药、枸杞、山茱萸、川牛膝、菟丝子、鹿胶、龟胶各适量,为丸，每服 9g；或作汤剂,滋阴补肾，填精益髓,真阴不足证：头晕目眩，腰酸腿软，遗精滑泄，自汗盗汗，口燥舌干，舌红少苔，脉细,真阴亏虚，精髓不足,君：熟地、龟胶、鹿胶；臣：枸杞、山萸、菟丝；佐：山药、牛膝,纯补无泻，峻补真阴,辨证要点：腰酸遗精、头晕眼花、脉细；脾虚便溏者慎用
补益剂?补阴,大补阴丸,熟地、龟板、黄柏、知母、猪脊髓、蜂蜜各适量,为丸，每服 9g,滋阴降火,阴虚火旺证：骨蒸潮热，盗汗遗精，咳嗽咯血，心烦易怒，足膝疼热，舌红少苔，尺脉数而有力,肝肾阴虚，虚火亢盛,君：熟地、龟板；臣：黄柏、知母；佐：猪脊髓、蜂蜜,滋阴与降火并行，培本清源,辨证要点：潮热盗汗、足膝热痛、舌红少苔；脾胃虚寒禁用
补益剂?补阴,一贯煎,北沙参、麦冬、当归、生地、枸杞子、川楝子各适量,水煎服,滋阴疏肝,肝肾阴虚，肝气郁滞：胸脘胁痛，吞酸吐苦，咽干口燥，舌红少津，脉细弱或虚弦,阴虚肝郁，肝失条达，胃失和降,君：生地；臣：沙参、麦冬、枸杞、当归；佐：川楝子,滋阴养血以柔肝，少佐疏利，忌辛燥,辨证要点：胁痛、咽干、舌红少津；气滞痰湿明显者慎用
补益剂?补阳,肾气丸,干地黄、山药、山茱萸、泽泻、茯苓、牡丹皮、桂枝、附子各适量,为丸或作汤剂,补肾助阳,肾阳不足证：腰痛脚软，下半身冷感，少腹拘急，小便不利或反多，阳痿早泄，舌淡胖脉虚弱,肾阳不足，气化失司，水湿内停,君：附子、桂枝；臣：干地黄、山萸、山药；佐：泽泻、丹皮、茯苓,阴中求阳，少火生气，补阳兼补阴,辨证要点：腰痛、畏寒、小便异常；阴虚火旺、小便淋沥涩痛者禁用
补益剂?补阳,右归丸,熟地、山药、山茱萸、枸杞、鹿角胶、菟丝子、杜仲、当归、肉桂、制附子各适量,为丸，每服 9g,温补肾阳，填精益髓,肾阳不足，命门火衰：气衰神疲，畏寒肢冷，腰膝软弱，阳痿遗精，阳衰无子，大便不实，小便自遗,命门火衰，真元亏虚，精髓不足,君：附子、肉桂、鹿角胶；臣：熟地、枸杞、山萸、菟丝、杜仲；佐：当归、山药,纯补无泻，温补肾阳，填精补髓,辨证要点：畏寒肢冷、腰膝酸软、阳痿遗精；阴虚火旺禁用
补益剂?阴阳双补,地黄饮子,熟干地黄、巴戟天、山茱萸、石斛、肉苁蓉、附子、五味子、官桂、白茯苓、麦冬、菖蒲、远志各适量,水煎服,滋肾阴，补肾阳，开窍化痰,下元虚衰，痰浊上泛之喑痱：舌强不能言，足废不能用，口干不欲饮，足冷面赤，脉沉细弱,下元阴阳两虚，痰浊上泛，堵塞窍道,君：熟地、山萸、苁蓉、巴戟、附、桂；臣：麦冬、石斛、五味；佐：菖蒲、远志、茯苓,阴阳双补，上下并治，标本兼顾,辨证要点：喑痱、足废不用、脉沉弱；肝阳化风、痰热窍闭禁用
补益剂?阴阳双补,龟鹿二仙胶,鹿角、龟板、人参、枸杞子各适量,熬胶，每服 6g,填精益髓，益气壮阳,真元虚损，精血不足：全身瘦削，阳痿遗精，两目昏花，腰膝酸软，久不孕育,真元亏虚，精血俱耗，阴阳两虚,君：鹿角、龟板；臣：人参、枸杞,阴阳双补，填精益髓，气血兼顾,辨证要点：形体消瘦、腰膝酸软、阳痿精少；脾胃虚弱慎用
补益剂?阴阳双补,七宝美髯丹,何首乌、茯苓、牛膝、当归、枸杞子、菟丝子、补骨脂各适量,为丸，每服 9g,补益肝肾，乌发壮骨,肝肾不足：须发早白，脱发，齿牙动摇，腰膝酸软，梦遗滑精，肾虚不育,肝肾亏虚，精血不足，筋骨失养,君：何首乌；臣：枸杞、菟丝、牛膝、当归；佐：补骨脂、茯苓,滋补肝肾，益精养血，乌发固齿,辨证要点：须发早白、腰膝酸软；脾胃虚寒便溏者慎用
固涩剂?固表止汗,牡蛎散,黄芪、麻黄根、牡蛎各一两，小麦百余粒,水煎服,益气固表，敛阴止汗,自汗、盗汗：常自汗出，夜卧尤甚，心悸惊惕，短气烦倦，舌淡红，脉细弱,气虚卫外不固，阴液外泄，心阴不足，心气不宁,君：煅牡蛎；臣：黄芪；佐：麻黄根、小麦,补、敛并用，固表敛汗，兼养心阴,要点：汗出、心悸、短气、舌淡；阴虚火旺盗汗慎用
固涩剂?敛肺止咳,九仙散,人参、款冬花、桑白皮、桔梗、五味子、阿胶、乌梅各一两，贝母半两，罂粟壳八钱,为散，每服三钱,敛肺止咳，益气养阴,久咳肺虚证：咳嗽日久不已，咳甚则气喘自汗，痰少而黏，脉虚数,久咳伤肺，气阴两虚，肺失敛降,君：罂粟壳；臣：五味子、乌梅；佐：人参、阿胶、款冬、桑皮、贝母、桔梗；使：无,敛肺止咳为主，兼益气养阴,要点：久咳气喘、自汗、脉虚；外感咳嗽、痰热壅肺禁用
固涩剂?涩肠固脱,真人养脏汤,人参、当归、白术各六钱，肉蔻半两，肉桂、甘草各八钱，白芍一两六钱，木香一两四钱，诃子一两二钱，罂粟壳三两六钱,水煎服,涩肠固脱，温补脾肾,久泻久痢，脾肾虚寒：泻痢无度，滑脱不禁，甚至脱肛，腹痛喜温喜按，舌淡苔白，脉迟细,脾肾虚寒，关门不固，气血不和,君：罂粟壳；臣：诃子、肉蔻；佐：参、术、桂、归、芍、木香；使：甘草,涩肠止泻为主，温补脾肾，调气和血,要点：久泻滑脱、腹痛喜温、舌淡苔白；湿热泻痢禁用
固涩剂?涩肠固脱,四神丸,肉豆蔻、补骨脂、五味子、吴茱萸、生姜、红枣,为丸，每服三钱,温肾暖脾，涩肠止泻,脾肾阳虚之肾泄：五更泄泻，不思饮食，食不消化，腹痛肢冷，神疲乏力，舌淡苔薄白，脉沉迟无力,命门火衰，火不暖土，脾失健运，肠失固摄,君：补骨脂；臣：肉豆蔻；佐：五味子、吴茱萸；使：姜、枣,温肾暖脾，涩肠止泻，重在治本,要点：五更泄泻、肢冷、神疲；湿热泄泻禁用
固涩剂?涩精止遗,金锁固精丸,沙苑蒺藜、芡实、莲须各二两，龙骨、牡蛎各一两,为丸，盐汤送下,涩精补肾,肾虚不固之遗精：遗精滑泄，神疲乏力，腰痛耳鸣，舌淡苔白，脉细弱,肾虚精关不固，封藏失职,君：沙苑蒺藜；臣：芡实、莲须；佐：龙、牡,补肾涩精，标本兼顾,要点：遗精滑泄、腰痛耳鸣、舌淡苔白；湿热下注、相火妄动禁用
固涩剂?涩精止遗,桑螵蛸散,桑螵蛸、远志、菖蒲、龙骨、人参、茯神、当归、龟甲各一两,为散，人参汤调下,调补心肾，涩精止遗,心肾两虚证：小便频数，或如米泔色，遗尿，遗精，心神恍惚，健忘，舌淡苔白，脉细弱,心肾两虚，水火不交，膀胱失约，精关不固,君：桑螵蛸；臣：龙骨、龟甲；佐：参、归、茯神、远志、菖蒲,补、涩、安神并用，交通心肾,要点：尿频遗尿、健忘恍惚、舌淡苔白；下焦湿热禁用
固涩剂?固崩止带,固冲汤,白术、生黄芪、龙骨、牡蛎、萸肉、生杭芍、海螵蛸、茜草、棕边炭、五倍子,水煎服,益气健脾，固冲摄血,脾肾亏虚，冲脉不固证：血崩或月经过多，色淡质稀，心悸气短，腰膝酸软，舌淡，脉细弱,脾气虚弱，统摄无权，冲脉不固,君：白术、黄芪；臣：萸肉、白芍；佐：龙、牡、海螵蛸、茜草、棕炭、五倍子,益气摄血，固冲止血，标本同治,要点：崩漏量多、色淡质稀、舌淡脉弱；血热妄行禁用
固涩剂?固崩止带,易黄汤,山药、芡实、黄柏、车前子、白果,水煎服,固肾止带，清热祛湿,肾虚湿热带下：带下黏稠量多，色黄如浓茶汁，其气腥秽，舌红，苔黄腻,肾虚有热，湿热下注，带脉失约,君：山药、芡实；臣：白果；佐：黄柏、车前子,固肾为主，兼清热祛湿，补清兼施,要点：带下黄稠、苔黄腻；寒湿带下禁用
安神剂?重镇安神,朱砂安神丸,朱砂、黄连、炙甘草、生地黄、当归,为丸，临卧温水送下,镇心安神，清热养血,心火亢盛，阴血不足证：失眠多梦，惊悸怔忡，心烦神乱，舌红，脉细数,心火亢盛，灼伤阴血，心神失养,君：朱砂；臣：黄连；佐：生地、当归；使：炙甘草,重镇安神与清热养血并用,要点：失眠心烦、惊悸、舌红脉数；脾胃虚弱、阴虚内热慎用
安神剂?滋养安神,天王补心丹,人参、茯苓、玄参、丹参、桔梗、远志、当归、五味、麦冬、天冬、柏子仁、酸枣仁、生地、朱砂,为丸，朱砂为衣,滋阴清热，养血安神,阴虚血少，神志不安证：心悸怔忡，虚烦失眠，神疲健忘，手足心热，舌红少苔，脉细数,心肾阴虚，虚火内扰，心神失养,君：生地；臣：天冬、麦冬、玄参、当归、丹参；佐：人参、茯苓、柏子仁、酸枣仁、五味、远志；使：桔梗、朱砂,滋阴养血，补心安神，兼清虚热,要点：心悸失眠、手足心热、舌红少苔；脾胃虚寒、痰湿内盛慎用
安神剂?滋养安神,酸枣仁汤,酸枣仁、甘草、知母、茯苓、川芎,水煎服,养血安神，清热除烦,肝血不足，虚热内扰证：虚烦失眠，心悸不安，头目眩晕，咽干口燥，舌红，脉弦细,肝血不足，虚热内生，心神不安,君：酸枣仁；臣：茯苓、知母；佐：川芎；使：甘草,养血安神，清热除烦，调肝和血,要点：虚烦失眠、头晕、咽干、脉弦细；痰热失眠禁用
安神剂?调和心脾,甘麦大枣汤,甘草、小麦、大枣,水煎服,养心安神，和中缓急,脏躁：精神恍惚，常悲伤欲哭，不能自主，心中烦乱，睡眠不安，甚则言行失常，呵欠频作，舌淡红苔少,忧思过度，心阴受损，肝气失和,君：小麦；臣：甘草；佐：大枣,养心缓急，甘润平和，无峻烈之品,要点：悲伤欲哭、精神恍惚、舌淡红；痰火扰心禁用
开窍剂?凉开,安宫牛黄丸,牛黄、郁金、黄连、朱砂、山栀、雄黄、黄芩、水牛角、冰片、麝香、珍珠、金箔衣,为丸，温开水送下,清热解毒，开窍醒神,邪热内陷心包证：高热烦躁，神昏谵语，口干舌燥，痰涎壅盛，舌红或绛，脉数；亦治中风昏迷，小儿惊厥,温热毒邪内陷心包，痰热蒙蔽清窍,君：牛黄、麝香、水牛角；臣：黄连、黄芩、栀子、郁金、冰片；佐：朱砂、珍珠、雄黄、金箔,清心解毒，开窍醒神，豁痰镇惊,要点：高热神昏、舌红绛、脉数；寒闭、脱证禁用
开窍剂?凉开,紫雪,石膏、寒水石、滑石、磁石、水牛角、羚羊角、木香、沉香、玄参、升麻、甘草、丁香、朴硝、硝石、麝香、朱砂,为散，温水送下,清热开窍，息风止痉,热闭心包，热盛动风证：高热烦躁，神昏谵语，痉厥，口渴唇焦，尿赤便闭，舌红绛苔干黄，脉数有力,热邪炽盛，内陷心包，引动肝风,君：水牛角、羚羊角、麝香；臣：石膏、寒水石、滑石、玄参、升麻；佐：木香、沉香、丁香、磁石、硝石、朴硝；使：朱砂、甘草,清热开窍，兼息风止痉，通便泻火,要点：高热神昏、痉厥、舌红绛；虚风内动、脱证禁用
开窍剂?凉开,至宝丹,生乌犀角、生玳瑁、琥珀、朱砂、雄黄、牛黄、龙脑、麝香、安息香、金银箔,为丸，人参汤或温水送下,化浊开窍，清热解毒,痰热内闭心包证：神昏谵语，身热烦躁，痰盛气粗，舌红苔黄垢腻，脉滑数,痰热秽浊蒙蔽心包，清窍闭塞,君：麝香、牛黄、水牛角；臣：玳瑁、琥珀、安息香、冰片；佐：朱砂、雄黄、金银箔,开窍化浊为主，清热解毒为辅,要点：神昏痰盛、苔黄垢腻、脉滑数；寒闭、脱证禁用
开窍剂?温开,苏合香丸,苏合香、龙脑、麝香、安息香、青木香、香附、白檀香、丁香、沉香、荜茇、犀角、朱砂、诃黎勒、乳香,为丸，温酒送下,芳香开窍，行气止痛,寒闭证：突然昏倒，牙关紧闭，不省人事，苔白，脉迟；亦治心腹卒痛，甚则昏厥,寒邪秽浊，闭阻机窍，气机郁滞,君：苏合香、麝香、冰片、安息香；臣：木香、香附、檀香、丁香、沉香、荜茇、乳香；佐：水牛角、朱砂、诃子,芳香温通，开窍行气，散寒止痛,要点：突然昏倒、苔白脉迟；热闭、脱证禁用
理气剂?行气,越鞠丸,香附、川芎、苍术、栀子、神曲各等分（各 6～10g）,水煎服,行气解郁,六郁证：胸膈痞闷，脘腹胀痛，嗳腐吞酸，恶心呕吐，饮食不消,气、血、痰、火、湿、食郁滞，气机不畅,君：香附；臣：川芎、苍术、栀子、神曲,五药治六郁，重在调气,要点：胸脘痞闷胀痛；阴虚火旺慎用
理气剂?行气,柴胡疏肝散,柴胡、陈皮、川芎、香附、枳壳、芍药、炙甘草,水煎服,疏肝解郁，行气止痛,肝气郁滞证：胁肋疼痛，胸闷太息，脘腹胀痛，脉弦,肝气郁结，气机阻滞，血行不畅,君：柴胡；臣：香附、川芎；佐：枳壳、芍药；使：炙甘草,疏肝理气，兼活血止痛,要点：胁痛、脉弦；阴虚气滞者慎用
理气剂?行气,四磨汤,人参、槟榔、沉香、天台乌药,水煎服,行气降逆，宽胸散结,肝气郁结证：胸膈胀闷，上气喘急，心下痞满，不思饮食,肝气郁滞，横逆犯肺胃，气机上逆,君：乌药、沉香；臣：槟榔；佐：人参,行气而不伤正，降逆兼扶正,要点：胸腹胀闷、气逆；气虚阴亏慎用
理气剂?行气,瓜蒌薤白白酒汤,瓜蒌实、薤白、白酒,水煎服,通阳散结，行气祛痰,胸痹：胸背痛，短气，寸口脉沉迟，关上小紧数,胸阳不振，痰浊内阻，气机痹阻,君：瓜蒌；臣：薤白；佐：白酒,通阳散结，行气祛痰,要点：胸背痛、短气；阴虚痰热慎用
理气剂?行气,瓜蒌薤白半夏汤,瓜蒌、薤白、半夏、白酒,水煎服,通阳散结，祛痰宽胸,胸痹而痰浊较甚：胸痛彻背，不能安卧,胸阳不振，痰浊壅盛，痹阻胸阳,君：瓜蒌；臣：薤白、半夏；佐：白酒,祛痰散结之力更强,要点：胸痛彻背、不能卧
理气剂?行气,枳实薤白桂枝汤,枳实、厚朴、薤白、桂枝、瓜蒌,水煎服,通阳散结，下气祛痰,胸痹：气结在胸，胸满，胁下逆气抢心,胸阳不振，痰气互结，气机逆乱,君：瓜蒌、薤白；臣：枳实、厚朴；佐：桂枝,通阳散结，平冲降逆,要点：胸满、气逆抢心
理气剂?行气,半夏厚朴汤,半夏、厚朴、茯苓、生姜、苏叶,水煎服,行气散结，降逆化痰,梅核气：咽中如有物阻，咯吐不出，吞咽不下，胸胁满闷,痰气郁结于咽喉，气机不畅,君：半夏；臣：厚朴；佐：茯苓、生姜、苏叶,行气化痰，散结开郁,要点：咽中异物感；阴亏津少慎用
理气剂?行气,厚朴温中汤,厚朴、陈皮、甘草、茯苓、草豆蔻、木香、干姜、生姜,水煎服,行气温中，燥湿除满,脾胃寒湿气滞证：脘腹胀满，不思饮食，四肢倦怠，舌苔白腻,脾胃气滞，寒湿内阻，运化失常,君：厚朴；臣：陈皮、草蔻；佐：茯苓、木香、干姜；使：甘草,温中行气，燥湿除满,要点：脘腹胀满、苔白腻
理气剂?行气,天台乌药散,乌药、木香、小茴香、青皮、高良姜、槟榔、川楝子、巴豆制,水煎服,行气疏肝，散寒止痛,肝经寒凝气滞：小肠疝气，少腹引控睾丸而痛，偏坠肿胀,寒凝肝脉，气机阻滞，经脉不通,君：乌药；臣：青皮、茴香、良姜；佐：木香、槟榔、川楝子,行气散寒，止痛散结,要点：少腹疝痛、畏寒；湿热下注禁用
理气剂?行气,暖肝煎,当归、枸杞、小茴香、肉桂、乌药、沉香、茯苓,水煎服,温补肝肾，行气止痛,肝肾不足，寒滞肝脉：睾丸冷痛，小腹疼痛，疝气痛,肝肾阳虚，寒凝气滞，经脉不利,君：肉桂、小茴香；臣：当归、枸杞；佐：乌药、沉香、茯苓,温补肝肾，行气散寒,要点：睾丸冷痛、畏寒；湿热疝痛禁用
理气剂?行气,橘核丸,橘核、海藻、昆布、海带、川楝子、桃仁、厚朴、木通、枳实、延胡索、桂心、木香,为丸服,行气止痛，软坚散结,寒湿疝气：睾丸肿胀偏坠，或坚硬如石，痛引脐腹,寒湿客于肝经，气血痰浊瘀滞,君：橘核；臣：川楝、延胡、桃仁；佐：桂心、木香、海藻等,行气活血，软坚散结,要点：睾丸肿硬疼痛
理气剂?降气,苏子降气汤,紫苏子、半夏、当归、甘草、前胡、厚朴、肉桂、生姜、大枣,水煎服,降气平喘，祛痰止咳,上实下虚喘咳：痰涎壅盛，喘咳短气，胸膈满闷，腰疼脚弱,上盛痰壅，下元不足，肾不纳气,君：苏子；臣：半夏、厚朴、前胡；佐：肉桂、当归；使：甘草、姜枣,降气祛痰，温肾纳气,要点：喘咳痰多、腰酸；肺热痰壅禁用
理气剂?降气,定喘汤,白果、麻黄、苏子、甘草、款冬花、杏仁、桑白皮、黄芩、半夏,水煎服,宣降肺气，清热化痰,风寒外束，痰热内蕴：咳喘痰多，气急，痰黄黏稠，微恶风寒,风寒束表，痰热内蕴，肺失宣降,君：麻黄、白果；臣：苏子、杏仁、款冬；佐：桑皮、黄芩、半夏；使：甘草,宣降清敛并用，化痰平喘,要点：咳喘痰黄、微恶寒；肺虚咳喘慎用
理气剂?降气,旋覆代赭汤,旋覆花、人参、生姜、代赭石、甘草、半夏、大枣,水煎服,降逆化痰，益气和胃,胃虚痰阻气逆：胃脘痞闷，嗳气频作，反胃呕吐,胃虚气逆，痰浊内阻，和降失常,君：旋覆花；臣：代赭石、半夏；佐：生姜、人参；使：甘草、大枣,降逆而不伤胃，化痰兼益气,要点：嗳气、痞闷、呕吐
理气剂?降气,橘皮竹茹汤,橘皮、竹茹、大枣、生姜、甘草、人参,水煎服,降逆止呃，益气清热,胃虚有热之呃逆：呃逆或干呕，虚烦少气，口干,胃虚有热，气逆不降,君：橘皮、竹茹；臣：生姜；佐：人参；使：甘草、大枣,清而不寒，补而不滞,要点：呃逆、口干、虚烦
理气剂?降气,丁香柿蒂汤,丁香、柿蒂、人参、生姜,水煎服,温中益气，降逆止呃,胃气虚寒呃逆：呃声低微，胃脘痞闷，畏寒肢冷,胃气虚寒，气逆上冲,君：丁香、柿蒂；臣：生姜；佐：人参,温中降逆，益气和胃,要点：呃声低微、畏寒；热呃禁用
理血剂?活血行气,桃核承气汤,桃仁、大黄、桂枝、甘草、芒硝,水煎服,逐瘀泻热,下焦蓄血证：少腹急结，小便自利，谵语烦渴，至夜发热,瘀热互结下焦，血行不畅,君：桃仁、大黄；臣：桂枝；佐：芒硝；使：甘草,破血逐瘀，兼泻热,要点：少腹急结、瘀热；孕妇慎用
理血剂?活血逐瘀,血府逐瘀汤,桃仁、红花、当归、生地、川芎、赤芍、牛膝、桔梗、柴胡、枳壳、甘草,水煎服,活血化瘀，行气止痛,胸中血瘀证：胸痛，头痛，日久不愈，痛如针刺，舌黯有瘀斑,血瘀胸中，气机阻滞，血行不畅,君：桃仁、红花；臣：当归、川芎、赤芍；佐：柴胡、枳壳、牛膝；使：桔梗、甘草,活血兼行气，化瘀不伤正,要点：胸痛刺痛、舌黯；孕妇禁用
理血剂?活血逐瘀,通窍活血汤,赤芍、川芎、桃仁、红花、老葱、红枣、麝香、黄酒,水煎服,活血通窍,瘀阻头面：头痛昏晕，耳聋，脱发，面色青紫,瘀血阻滞头面清窍,君：麝香、桃仁、红花；臣：川芎、赤芍；佐：葱、枣、酒,活血通窍，上行头面,要点：头面瘀阻；孕妇禁用
理血剂?活血逐瘀,膈下逐瘀汤,五灵脂、当归、川芎、桃仁、丹皮、赤芍、乌药、延胡索、甘草、香附、红花、枳壳,水煎服,活血祛瘀，行气止痛,瘀阻膈下：胸腹胁痛，痛有定处，积块痞满,瘀血阻滞膈下，气机不畅,君：桃仁、红花、五灵脂；臣：当归、川芎、赤芍；佐：香附、乌药、延胡索,逐瘀止痛力强,要点：胁腹刺痛、积块
理血剂?活血逐瘀,少腹逐瘀汤,小茴香、干姜、延胡索、没药、当归、川芎、官桂、赤芍、蒲黄、五灵脂,水煎服,活血祛瘀，温经止痛,寒凝血瘀少腹：少腹积块，痛经，崩漏兼瘀块,寒凝血瘀，阻滞少腹冲任,君：蒲黄、五灵脂；臣：当归、川芎、赤芍；佐：官桂、小茴、干姜,温经活血，逐瘀止痛,要点：少腹冷痛、瘀块；热证禁用
理血剂?活血逐瘀,身痛逐瘀汤,秦艽、川芎、桃仁、红花、甘草、羌活、没药、当归、五灵脂、香附、牛膝、地龙,水煎服,活血行气，祛风除湿，通痹止痛,瘀血痹阻经络：肩痛，臂痛，腰痛，身痛，久痛不愈,瘀血阻滞经络，兼风湿痹阻,君：桃仁、红花、当归；臣：川芎、没药、五灵脂；佐：羌活、秦艽、牛膝、地龙,活血通络，兼祛风湿,要点：身痛久瘀、痛有定处
理血剂?活血调经,补阳还五汤,生黄芪、当归尾、赤芍、地龙、川芎、红花、桃仁,水煎服,补气，活血，通络,中风后遗症：半身不遂，口眼歪斜，语言謇涩，下肢痿废,气虚血瘀，脉络瘀阻，筋脉失养,君：黄芪；臣：当归尾；佐：赤芍、川芎、桃仁、红花、地龙,补气为主，活血通络,要点：半身不遂、气虚舌淡；阴虚阳亢慎用
理血剂?活血调经,复元活血汤,柴胡、瓜蒌根、当归、红花、甘草、穿山甲、大黄、桃仁,水煎服,活血祛瘀，疏肝通络,跌打损伤，瘀血阻滞胁下：胁肋疼痛，痛不可忍,跌打致瘀，肝气郁结，络脉不通,君：大黄、桃仁；臣：红花、当归、穿山甲；佐：柴胡、瓜蒌根；使：甘草,破瘀疏肝，通络止痛,要点：跌打胁痛；孕妇禁用
理血剂?活血调经,温经汤,吴茱萸、当归、芍药、川芎、人参、桂枝、阿胶、牡丹皮、生姜、甘草、半夏、麦冬,水煎服,温经散寒，养血祛瘀,冲任虚寒，瘀血阻滞：月经不调，痛经，崩漏，不孕,冲任虚寒，瘀血内阻，血不循经,君：吴茱萸、桂枝；臣：当归、川芎、芍药；佐：阿胶、麦冬、人参、丹皮；使：甘草、生姜、半夏,温经散寒，养血祛瘀,要点：月经后期、痛经、畏寒；血热禁用
理血剂?活血调经,生化汤,全当归、川芎、桃仁、干姜、甘草,水煎服或黄酒化服,养血祛瘀，温经止痛,产后瘀血腹痛：恶露不行，小腹冷痛,产后血虚，寒凝血瘀，胞宫失养,君：当归；臣：川芎、桃仁；佐：干姜；使：甘草,养血活血，温经止痛,要点：产后小腹冷痛、恶露不畅
理血剂?活血调经,失笑散,五灵脂、蒲黄各等分,黄酒或醋调服,活血祛瘀，散结止痛,瘀血停滞：心腹刺痛，产后恶露不行，月经不调,瘀血内停，脉络阻滞,君：五灵脂、蒲黄,活血祛瘀，散结止痛,要点：心腹刺痛、瘀阻；孕妇慎用
理血剂?活血散结,桂枝茯苓丸,桂枝、茯苓、牡丹皮、桃仁、芍药各等分,为丸服,活血化瘀，缓消癥块,瘀阻胞宫证：妇人素有癥块，妊娠漏下，胎动不安,瘀血阻滞胞宫，癥积内阻,君：桂枝；臣：桃仁、丹皮；佐：茯苓、芍药,缓消癥块，不伤正气,要点：胞宫瘀癥；孕妇慎用
理血剂?止血,十灰散,大蓟、小蓟、荷叶、侧柏叶、茅根、茜根、山栀、大黄、牡丹皮、棕榈皮,为散服,凉血止血,血热妄行：呕血，吐血，咯血，衄血，血色鲜红,火热炽盛，迫血妄行，血溢脉外,君：大蓟、小蓟；臣：侧柏、荷叶、茅根、茜根；佐：栀子、大黄、丹皮；使：棕榈皮,凉血止血，兼清降泻火,要点：血色鲜红、舌红脉数；虚寒出血禁用
理血剂?止血,咳血方,青黛、瓜蒌仁、海粉、山栀子、诃子,姜汁蜜丸服,清肝宁肺，凉血止血,肝火犯肺之咳血：咳嗽痰稠带血，心烦易怒，胸胁刺痛,肝火犯肺，灼伤肺络，肺失清肃,君：青黛、栀子；臣：瓜蒌仁、海粉；佐：诃子,清肝泻火，润肺止血,要点：咳血、胸胁痛；肺寒咳嗽禁用
理血剂?止血,小蓟饮子,生地、小蓟、滑石、木通、蒲黄、藕节、竹叶、当归、栀子、甘草,水煎服,凉血止血，利水通淋,热结下焦血淋、尿血：尿中带血，小便频数，赤涩热痛,下焦热盛，灼伤血络，膀胱气化不利,君：生地、小蓟；臣：蒲黄、藕节；佐：滑石、木通、竹叶、栀子、当归；使：甘草,凉血止血，利水通淋,要点：血淋涩痛、舌红；阴虚火旺慎用
理血剂?止血,槐花散,槐花、柏叶、荆芥穗、枳壳,为散服,清肠止血，疏风行气,风热湿毒，壅遏肠道：便血，痔血，血色鲜红,风热或湿热壅遏肠道，灼伤阴络,君：槐花；臣：柏叶；佐：荆芥穗、枳壳,清肠止血，疏风理气,要点：便血痔血、血色鲜红；虚寒便血禁用
理血剂?止血,黄土汤,甘草、干地黄、白术、附子、阿胶、黄芩、灶心黄土,水煎服,温阳健脾，养血止血,脾阳不足，脾不统血：大便下血，崩漏，血色暗淡，四肢不温,脾阳不足，统摄无权，血溢脉外,君：灶心黄土；臣：附子、白术；佐：生地、阿胶、黄芩；使：甘草,温阳健脾，养血止血,要点：血色暗淡、畏寒肢冷；血热出血禁用
治风剂?疏散外风,川芎茶调散,川芎、荆芥、白芷、羌活、甘草、细辛、防风、薄荷,食后茶清调服,疏风止痛,外感风邪头痛：偏正头痛，或巅顶作痛，恶寒发热，目眩鼻塞,风邪外袭，上扰头目，清阳被遏,君：川芎；臣：薄荷、荆芥；佐：羌活、白芷、细辛、防风；使：甘草,疏风散邪，升散止痛,要点：头痛、恶寒发热；血虚头痛慎用
治风剂?疏散外风,大秦艽汤,秦艽、甘草、川芎、当归、白芍、细辛、羌活、防风、黄芩、石膏、白芷、白术、生地、熟地、白茯苓、独活,水煎服,疏风清热，养血活血,风邪初中经络：口眼歪斜，舌强不能言，手足不能动,风邪乘虚入中经络，气血痹阻,君：秦艽；臣：羌活、独活、防风、白芷、细辛；佐：四物、二术、苓、膏、芩；使：甘草,祛风清热，养血活血,要点：口眼歪斜、手足不利；内风证忌用
治风剂?疏散外风,牵正散,白附子、白僵蚕、全蝎,热酒调服,祛风化痰，通络止痉,风中头面经络：口眼歪斜，面肌抽动,风痰阻于头面经络，筋脉失养,君：白附子；臣：僵蚕、全蝎,祛风化痰，通络止痉,要点：口眼歪斜；气虚血瘀慎用
治风剂?疏散外风,玉真散,南星、防风、白芷、天麻、羌活、白附子,热酒或童便调服,祛风化痰，定搐止痉,破伤风：牙关紧闭，口撮唇紧，身体强直，角弓反张,风毒侵入肌腠经脉，引动肝风,君：白附子、南星；臣：羌活、防风、白芷；佐：天麻,祛风定搐，化痰解痉,要点：破伤风强直；阴虚破伤风慎用
治风剂?平息内风,羚角钩藤汤,羚角片、霜桑叶、京川贝、鲜生地、双钩藤、滁菊花、茯神木、生白芍、生甘草、淡竹茹,水煎服,凉肝息风，增液舒筋,肝热生风证：高热不退，烦闷躁扰，手足抽搐，神昏,肝经热盛，热极动风，灼伤阴液,君：羚羊角、钩藤；臣：桑叶、菊花；佐：生地、白芍、竹茹、川贝、茯神；使：甘草,凉肝息风，养阴增液,要点：高热抽搐、神昏；虚寒痉证禁用
治风剂?平息内风,镇肝熄风汤,怀牛膝、生赭石、生龙骨、生牡蛎、生龟板、生杭芍、玄参、天冬、川楝子、生麦芽、茵陈、甘草,水煎服,镇肝息风，滋阴潜阳,类中风：头目眩晕，目胀耳鸣，脑部热痛，面色如醉，心中烦热,肝肾阴虚，肝阳上亢，气血逆乱,君：牛膝、赭石；臣：龙牡、龟板、芍、玄、冬；佐：茵陈、麦芽、川楝；使：甘草,镇肝潜阳，引血下行,要点：眩晕面赤、脉弦长有力；气虚血瘀慎用
治风剂?平息内风,天麻钩藤饮,天麻、钩藤、石决明、栀子、黄芩、牛膝、杜仲、益母草、桑寄生、夜交藤、朱茯神,水煎服,平肝息风，清热活血，补益肝肾,肝阳偏亢，肝风上扰：头痛，眩晕，失眠多梦,肝阳上亢，肝风上扰，心神不宁,君：天麻、钩藤；臣：石决明；佐：栀、芩、膝、仲、寄、益、夜、茯,平肝息风，兼补肝肾,要点：头痛眩晕、失眠；虚寒证慎用
治风剂?平息内风,大定风珠,白芍、阿胶、生龟板、干地黄、麻仁、五味子、生牡蛎、麦冬、炙甘草、鸡子黄、鳖甲,水煎服,滋阴息风,阴虚动风证：温病后期，神倦瘛疭，脉气虚弱，舌绛苔少,温病日久，真阴大亏，虚风内动,君：鸡子黄、阿胶；臣：龟板、鳖甲、牡蛎；佐：地、芍、冬、味、麻；使：甘草,滋阴养液，填补真阴,要点：神倦瘛疭、舌绛少苔；实证风动禁用
治燥剂?轻宣外燥,杏苏散,苏叶、半夏、茯苓、前胡、桔梗、枳壳、甘草、生姜、大枣、杏仁、橘皮,水煎服,轻宣凉燥，理肺化痰,外感凉燥证：恶寒无汗，头微痛，咳嗽稀痰，鼻塞咽干,凉燥外袭，肺失宣降，痰湿内阻,君：苏叶、杏仁；臣：前胡、桔梗、枳壳；佐：夏、苓、橘；使：草、姜、枣,轻宣凉燥，宣肺化痰,要点：恶寒咳嗽、痰稀；温燥咳嗽禁用
治燥剂?轻宣外燥,桑杏汤,桑叶、杏仁、沙参、象贝、香豉、栀皮、梨皮,水煎服,清宣温燥，润肺止咳,外感温燥证：身热不甚，口渴，咽干鼻燥，干咳无痰,温燥伤肺，肺失清润,君：桑叶、杏仁；臣：豆豉、栀皮；佐：沙参、贝母、梨皮,清宣温燥，养阴润肺,要点：干咳咽干、身热不甚
治燥剂?滋阴润燥,清燥救肺汤,桑叶、石膏、人参、甘草、胡麻仁、阿胶、麦冬、杏仁、枇杷叶,水煎服,清燥润肺，养阴益气,温燥伤肺，气阴两伤：头痛身热，干咳无痰，气逆而喘,燥热伤肺，耗气伤阴，肺失肃降,君：桑叶；臣：石膏、麦冬；佐：参、胶、麻、杏、杷；使：甘草,清燥润肺，益气养阴,要点：干咳气喘、咽干鼻燥
治燥剂?滋阴润燥,麦门冬汤,麦门冬、半夏、人参、甘草、粳米、大枣,水煎服,滋养肺胃，降逆下气,虚热肺痿：咳嗽气喘，咽喉不利，痰少黏稠；胃阴不足证,肺胃阴虚，虚火上炎，气机上逆,君：麦冬；臣：半夏；佐：人参、粳米、大枣；使：甘草,滋阴润燥，降逆化痰,要点：咳嗽咽干、虚热；虚寒肺痿禁用
治燥剂?滋阴润燥,益胃汤,沙参、麦冬、冰糖、细生地、玉竹,水煎服,养阴益胃,阳明温病，胃阴损伤：口干咽燥，舌红少苔，脉细数,温病耗伤胃阴，胃失濡养,君：生地、麦冬；臣：沙参、玉竹；佐：冰糖,养阴生津，益胃和中,要点：口干咽燥、舌红少苔
祛湿剂?燥湿和胃,平胃散,苍术、厚朴、陈皮、甘草、生姜、大枣,水煎服,燥湿运脾，行气和胃,湿滞脾胃证：脘腹胀满，不思饮食，口淡无味，恶心呕吐,湿困脾胃，运化失司，气机阻滞,君：苍术；臣：厚朴；佐：陈皮；使：草、姜、枣,燥湿健脾，行气除满,要点：脘腹胀满、苔白腻；阴虚气滞慎用
祛湿剂?燥湿和胃,藿香正气散,大腹皮、白芷、紫苏、茯苓、半夏曲、白术、陈皮、厚朴、桔梗、藿香、甘草、姜枣,水煎服,解表化湿，理气和中,外感风寒，内伤湿滞：恶寒发热，头痛，胸膈满闷，脘腹疼痛,风寒束表，湿滞脾胃，气机不和,君：藿香；臣：苏、芷、夏、术、苓；佐：朴、陈、腹、桔；使：草、姜、枣,解表化湿，理气和中,要点：寒热头痛、脘腹胀痛；湿热霍乱禁用
祛湿剂?清热祛湿,茵陈蒿汤,茵陈、栀子、大黄,水煎服,清热，利湿，退黄,湿热黄疸：一身面目俱黄，黄色鲜明，小便短赤,湿热蕴结肝胆，胆汁外溢,君：茵陈；臣：栀子、大黄,清热利湿，导热下行,要点：黄疸鲜明、小便短赤；寒湿黄疸禁用
祛湿剂?清热祛湿,八正散,车前子、瞿麦、萹蓄、滑石、山栀子仁、甘草、木通、大黄,水煎服,清热泻火，利水通淋,湿热淋证：尿频尿急，溺时涩痛，淋沥不畅，小便浑赤,湿热下注膀胱，气化不利,君：滑石、木通；臣：车前、瞿麦、萹蓄；佐：栀、大黄；使：甘草,清热利水，通淋止痛,要点：尿频涩痛、苔黄腻；阴虚淋证禁用
祛湿剂?清热祛湿,三仁汤,杏仁、飞滑石、白通草、白蔻仁、竹叶、厚朴、生薏苡仁、半夏,水煎服,宣畅气机，清利湿热,湿温初起及暑温夹湿：头痛恶寒，身重疼痛，午后身热,湿温初起，湿遏热伏，气机不畅,君：杏仁、蔻仁、苡仁；臣：滑石、通草、竹叶；佐：厚朴、半夏,宣上畅中渗下，分消湿热,要点：身重午后热、苔白腻
祛湿剂?利水渗湿,五苓散,猪苓、泽泻、白术、茯苓、桂枝,水煎服,利水渗湿，温阳化气,膀胱气化不利蓄水证：小便不利，头痛微热，烦渴欲饮,水湿内停，膀胱气化失司,君：泽泻；臣：苓、猪苓；佐：白术、桂枝,利水渗湿，温阳化气,要点：小便不利、水肿
祛湿剂?利水渗湿,猪苓汤,猪苓、茯苓、泽泻、阿胶、滑石,水煎服,利水，养阴，清热,水热互结证：小便不利，发热，口渴欲饮，心烦不寐,水热互结，热伤阴津,君：猪苓；臣：茯苓、泽泻；佐：滑石、阿胶,利水清热，养阴润燥,要点：小便不利、口渴心烦
祛湿剂?温化寒湿,苓桂术甘汤,茯苓、桂枝、白术、甘草,水煎服,温阳化饮，健脾利湿,中阳不足之痰饮：胸胁支满，目眩心悸，短气而咳,中阳不足，痰饮内停，清阳不升,君：茯苓；臣：桂枝；佐：白术；使：甘草,温阳健脾，利水化饮,要点：胸胁支满、心悸目眩
祛湿剂?温化寒湿,真武汤,茯苓、芍药、白术、生姜、附子,水煎服,温阳利水,阳虚水泛证：畏寒肢冷，小便不利，肢体沉重或浮肿,肾阳不足，水气内停，脾失健运,君：附子；臣：茯苓、白术；佐：生姜、芍药,温肾健脾，利水渗湿,要点：畏寒浮肿、小便不利
祛湿剂?温化寒湿,实脾散,厚朴、白术、木瓜、木香、草果仁、大腹子、附子、白茯苓、干姜、甘草、姜枣,水煎服,温阳健脾，行气利水,脾肾阳虚，水气内停：身半以下肿甚，手足不温，脘腹胀满,脾肾阳虚，水湿内停，气机阻滞,君：附子、干姜；臣：苓、术；佐：朴、香、果、腹、瓜；使：草、姜、枣,温脾暖肾，行气利水,要点：下肢肿甚、手足不温
祛湿剂?祛风胜湿,羌活胜湿汤,羌活、独活、藁本、防风、甘草、川芎、蔓荆子,水煎服,祛风，胜湿，止痛,风湿在表之痹证：肩背痛不可回顾，头痛身重，腰脊疼痛,风湿客于肌表经络，气血不畅,君：羌活、独活；臣：防风、藁本；佐：川芎、蔓荆子；使：甘草,祛风胜湿，通络止痛,要点：身重头痛、风湿痹痛
祛湿剂?祛风胜湿,独活寄生汤,独活、桑寄生、杜仲、牛膝、细辛、秦艽、茯苓、肉桂心、防风、川芎、人参、甘草、当归、芍药、干地黄,水煎服,祛风湿，止痹痛，益肝肾，补气血,痹证日久，肝肾两虚，气血不足：腰膝疼痛，肢节屈伸不利,痹久伤正，肝肾亏虚，气血不足,君：独活；臣：寄生、杜、牛；佐：辛、艽、防、桂、四物、参、苓；使：甘草,祛邪扶正，标本兼顾,要点：腰膝痹痛、日久体虚
祛痰剂?燥湿化痰,二陈汤,半夏、橘红、白茯苓、甘草、生姜、乌梅,水煎服,燥湿化痰，理气和中,湿痰证：咳嗽痰多，色白易咯，胸膈痞闷，恶心呕吐,湿痰内阻，肺胃失和，气机不畅,君：半夏；臣：橘红；佐：茯苓、生姜、乌梅；使：甘草,燥湿化痰，理气和中,要点：痰多色白、苔白腻；燥痰禁用
祛痰剂?清热化痰,温胆汤,半夏、竹茹、枳实、陈皮、甘草、茯苓、姜枣,水煎服,理气化痰，和胃利胆,胆郁痰扰证：胆怯易惊，头眩心悸，心烦不眠，夜多异梦,胆郁气滞，痰热内扰，心神不宁,君：半夏、竹茹；臣：枳实、陈皮；佐：茯苓；使：草、姜、枣,理气化痰，清胆和胃,要点：惊悸失眠、苔白腻
祛痰剂?清热化痰,清气化痰丸,陈皮、杏仁、枳实、黄芩、瓜蒌仁、茯苓、胆南星、半夏,姜汁为丸,清热化痰，理气止咳,痰热咳嗽：咳嗽气喘，咳痰黄稠，胸膈痞闷，舌红苔黄腻,痰热内蕴，肺失清肃，气机阻滞,君：胆南星、瓜蒌仁；臣：黄芩、半夏；佐：杏、陈、枳、苓,清热化痰，下气止咳,要点：痰黄黏稠、苔黄腻；寒痰禁用
祛痰剂?润燥化痰,贝母瓜蒌散,贝母、瓜蒌、花粉、茯苓、橘红、桔梗,水煎服,润肺清热，理气化痰,燥痰咳嗽：咳嗽呛急，咯痰不爽，涩而难出，咽喉干燥,肺燥有痰，肺失清润，气机不利,君：贝母、瓜蒌；臣：花粉；佐：苓、橘红、桔梗,润肺化痰，理气开结,要点：干咳痰黏、咽干；湿痰禁用
祛痰剂?温化寒痰,苓甘五味姜辛汤,茯苓、甘草、干姜、细辛、五味子,水煎服,温肺化饮,寒饮咳嗽：咳痰量多，清稀色白，胸膈不快，舌苔白滑,寒饮停肺，肺失宣降,君：干姜、细辛；臣：茯苓；佐：五味子；使：甘草,温肺化饮，散收并用,要点：痰稀色白、苔白滑；热痰禁用
祛痰剂?化痰息风,半夏白术天麻汤,半夏、天麻、茯苓、橘红、白术、甘草、姜枣,水煎服,化痰息风，健脾祛湿,风痰上扰证：眩晕，头痛，胸膈痞闷，恶心呕吐,脾湿生痰，肝风内动，风痰上扰,君：半夏、天麻；臣：白术、茯苓；佐：橘红；使：草、姜、枣,化痰息风，健脾祛湿,要点：眩晕头痛、苔白腻；肝阳上亢慎用
消食剂?消食化滞,保和丸,山楂、神曲、半夏、茯苓、陈皮、连翘、莱菔子,为丸服,消食和胃,食滞胃脘证：脘腹痞满胀痛，嗳腐吞酸，恶食呕逆,饮食不节，食积内停，气机阻滞,君：山楂；臣：神曲、莱菔子；佐：夏、苓、陈、翘,消食和胃，清热祛湿,要点：脘腹胀满、嗳腐吞酸
消食剂?消食化滞,枳实导滞丸,大黄、枳实、神曲、茯苓、黄芩、黄连、白术、泽泻,为丸服,消导化积，清热利湿,湿热食积证：脘腹胀痛，下痢泄泻，或大便秘结,食积湿热，内阻肠胃，气机壅滞,君：大黄、枳实；臣：神曲；佐：芩、连、苓、术、泽,消食导滞，清热祛湿,要点：脘腹胀痛、苔黄腻；虚寒泄泻禁用
消食剂?消食化滞,木香槟榔丸,木香、槟榔、青皮、陈皮、莪术、枳壳、黄连、黄柏、大黄、香附、牵牛,为丸服,行气导滞，攻积泄热,积滞内停，湿蕴生热：脘腹痞满胀痛，赤白痢疾,食积气滞，湿热蕴结，腑气不通,君：木香、槟榔；臣：青皮、香附、莪术、枳壳；佐：连、柏、大黄、牵牛,行气攻积，清热燥湿,要点：脘腹胀痛、便秘或痢疾；体虚慎用
消食剂?健脾消食,健脾丸,白术、木香、黄连、甘草、白茯苓、人参、神曲、陈皮、砂仁、麦芽、山楂、山药、肉豆蔻,为丸服,健脾和胃，消食止泻,脾虚食积证：食少难消，脘腹痞闷，大便溏薄,脾胃虚弱，食积内停，运化失常,君：人参、白术、茯苓；臣：山楂、神曲、麦芽；佐：木香、砂仁、陈皮、山药、肉蔻、黄连；使：甘草,健脾消食，清热祛湿,要点：食少难消、大便溏薄
消食剂?健脾消食,枳实消痞丸,干生姜、炙甘草、麦芽曲、白茯苓、白术、半夏曲、人参、厚朴、枳实、黄连,为丸服,消痞除满，健脾和胃,脾虚气滞，寒热互结：心下痞满，不欲饮食，倦怠乏力,脾虚气滞，寒热互结，气机壅滞,君：枳实、厚朴；臣：人参、白术、茯苓；佐：夏曲、麦芽、干姜、黄连；使：甘草,消补兼施，寒热并用,要点：心下痞满、倦怠乏力
消食剂?健脾消食,葛花解酲汤,木香、人参、猪苓、白茯苓、橘皮、白术、干生姜、神曲、泽泻、青皮、砂仁、白豆蔻、葛花,为散服,分消酒湿，理气健脾,酒积伤脾证：眩晕呕吐，胸膈痞闷，食少体倦，小便不利,饮酒过度，湿浊内阻，脾胃失和,君：葛花；臣：猪苓、茯苓、泽泻；佐：参、术、姜、砂、蔻、青、陈、曲、木香,分消酒湿，健脾理气,要点：酒积呕吐、胸膈痞闷
驱虫剂,乌梅丸,乌梅、细辛、干姜、黄连、当归、附子、蜀椒、桂枝、人参、黄柏,为丸服,温脏安蛔,蛔厥证：腹痛时作，手足厥冷，烦闷呕吐，时发时止,上热下寒，蛔虫内扰，气机逆乱,君：乌梅；臣：蜀椒、细辛；佐：附、姜、桂、连、柏、参、归,温脏安蛔，清上温下,要点：腹痛、吐蛔、手足厥冷；湿热蛔厥慎用
驱虫剂,肥儿丸,神曲、黄连、肉豆蔻、使君子、麦芽、槟榔、木香,为丸服,健脾消积，清热驱虫,小儿疳积：消化不良，面黄肌瘦，肚腹胀满，发热口臭,脾虚食积，虫积内生，湿热蕴结,君：神曲、麦芽；臣：使君子、槟榔；佐：黄连、肉蔻、木香,健脾驱虫，清热消积,要点：小儿疳积、面黄肌瘦
驱虫剂,布袋丸,夜明砂、芜荑、使君子、白茯苓、白术、人参、甘草、芦荟,为丸服,驱蛔消疳，补养脾胃,小儿虫疳：体热面黄，肢细腹大，发焦目暗,虫积日久，脾胃虚弱，气血不足,君：芜荑、使君子、芦荟；臣：夜明砂；佐：参、术、苓；使：甘草,驱虫消疳，健脾益气,要点：小儿虫疳、腹大肢细
驱虫剂,化虫丸,鹤虱、槟榔、苦楝根、胡粉、白矾、使君子、芜荑,为丸服,驱杀肠中诸虫,肠中诸虫：腹痛时作，往来上下，呕吐清水,诸虫内扰，气机阻滞,君：鹤虱、槟榔、苦楝根；臣：使君子、芜荑；佐：胡粉、白矾,驱杀诸虫，燥湿杀虫,要点：腹痛、呕吐清水；孕妇慎用
涌吐剂,瓜蒂散,瓜蒂、赤小豆、香豉,为散服,涌吐痰涎宿食,痰涎宿食，壅滞胸脘：胸中痞硬，懊憹不安，气上冲咽喉,痰食壅滞胸脘，气机阻滞,君：瓜蒂；臣：赤小豆；佐：香豉,涌吐痰食，酸苦涌泄,要点：胸脘痞硬、懊憹；体虚、孕妇禁用
涌吐剂,救急稀涎散,猪牙皂角、白矾,为散服,开关涌吐,中风闭证：痰涎壅盛，喉中痰鸣，气闭不通,风痰上壅，闭阻清窍,君：皂角；臣：白矾,开关涌吐，化痰开窍,要点：中风痰壅、气闭；脱证禁用
痈疡剂?散结消痈,仙方活命饮,白芷、贝母、防风、赤芍药、当归尾、甘草节、皂角刺、穿山甲、天花粉、乳香、没药、金银花、陈皮,水煎服,清热解毒，消肿溃坚，活血止痛,阳证痈疡肿毒初起：红肿焮痛，身热凛寒,热毒壅聚，气滞血瘀，痰浊凝聚,君：金银花；臣：归尾、赤芍、乳香、没药；佐：防、芷、陈、贝、花粉、山甲、皂刺；使：甘草,清热解毒，活血消肿,要点：红肿焮痛、阳证初起；阴疽禁用
痈疡剂?散结消痈,五味消毒饮,金银花、野菊花、蒲公英、紫花地丁、紫背天葵子,水煎服,清热解毒，消散疔疮,火毒结聚之疔疮：发热恶寒，疮形如粟，坚硬根深,火毒炽盛，蕴结肌肤,君：金银花；臣：蒲公英、地丁；佐：野菊、天葵,清热解毒，消散疔疮,要点：疔疮坚硬、根深；阴证慎用
痈疡剂?散结消痈,四妙勇安汤,金银花、玄参、当归、甘草,水煎服,清热解毒，活血止痛,热毒炽盛之脱疽：患肢暗红微肿灼热，疼痛剧烈,热毒瘀阻，血脉不通,君：金银花；臣：玄参；佐：当归；使：甘草,清热解毒，活血通脉,要点：脱疽红肿热痛；虚寒脱疽禁用
痈疡剂?散结消痈,犀黄丸,牛黄、麝香、乳香、没药、黄米饭,为丸服,解毒消痈，化痰散结，活血祛瘀,火郁痰凝，血瘀气滞：乳岩、横痃、瘰疬、痰核,火毒痰瘀，互结为痈,君：牛黄；臣：麝香；佐：乳香、没药；使：黄米饭,解毒散结，活血祛瘀,要点：痈疽瘰疬、坚硬肿痛；孕妇禁用
痈疡剂?散结消痈,阳和汤,熟地黄、麻黄、鹿角胶、白芥子、肉桂、生甘草、炮姜炭,水煎服,温阳补血，散寒通滞,阴疽：漫肿无头，皮色不变，酸痛无热,阳虚血弱，寒凝痰滞，痹阻经络,君：熟地、鹿角胶；臣：肉桂、姜炭；佐：麻黄、白芥子；使：甘草,温阳补血，散寒通滞,要点：阴疽漫肿、皮色不变；阳证禁用
痈疡剂?托里透脓,透脓散,生黄芪、当归、穿山甲、皂角刺、川芎,水煎服,托毒溃脓,痈疡肿毒，内已成脓，不易外溃：漫肿灼热，疼痛剧烈,正气不足，脓毒内蕴，无力外溃,君：黄芪；臣：当归、川芎；佐：山甲、皂刺,托毒透脓，益气活血,要点：痈疡成脓、不易溃破
痈疡剂?托里透脓,托里消毒散,人参、黄芪、当归、川芎、白芍、白术、茯苓、金银花、白芷、皂角刺、桔梗、甘草,水煎服,益气养血，托毒消肿,疮疡体虚邪盛：脓成不溃，或溃后脓稀，难以收口,气血不足，邪毒留恋，疮口难敛,君：人参、黄芪；臣：当归、川芎、白芍；佐：术、苓、银花、芷、皂刺、桔梗；使：甘草,益气养血，托毒生肌,要点：疮疡体虚、脓稀难敛
痈疡剂?补虚敛疮,内补黄芪汤,黄芪、麦冬、熟地、人参、茯苓、甘草、白芍、远志、川芎、当归、肉桂、生姜、大枣,水煎服,补益气血，养阴生肌,痈疽溃后，气血两虚：溃处作痛，倦怠懒言，脓水清稀,气血亏虚，阴液不足，疮口不敛,君：黄芪、人参；臣：当归、熟地、白芍；佐：麦冬、远志、川芎、肉桂；使：草、姜、枣,补益气血，养阴生肌,要点：溃后体虚、脓水清稀
痈疡剂?补虚敛疮,当归补血汤,黄芪、当归,水煎服,补气生血,血虚发热证：肌热面赤，烦渴欲饮，脉洪大而虚,血虚气弱，阳气浮越,君：黄芪；臣：当归,补气生血，阳生阴长,要点：血虚发热、脉洪大而虚；阴虚发热禁用
痈疡剂?补虚敛疮,八珍汤,人参、白术、茯苓、当归、川芎、白芍、熟地、炙甘草、生姜、大枣,水煎服,益气补血,气血两虚证：面色苍白或萎黄，头晕目眩，心悸怔忡,气血不足，脏腑失养,君：人参、熟地；臣：白术、茯苓、当归、白芍；佐：川芎；使：草、姜、枣,益气补血，气血双补,要点：气血两虚、面色萎黄
痈疡剂?补虚敛疮,十全大补汤,人参、肉桂、川芎、地黄、茯苓、白术、炙甘草、黄芪、当归、白芍、生姜、大枣,水煎服,温补气血,气血两虚证：面色萎黄，倦怠食少，头晕目眩，四肢不温,气血不足，兼阳虚寒,君：人参、黄芪、熟地；臣：当归、白芍、白术、茯苓；佐：肉桂、川芎；使：草、姜、枣,温补气血，兼温阳,要点：气血两虚、畏寒肢冷
痈疡剂?补虚敛疮,人参养荣汤,黄芪、当归、桂心、甘草、橘皮、白术、人参、白芍、熟地、五味子、茯苓、远志、生姜、大枣,水煎服,益气补血，养心安神,心脾气血两虚证：倦怠无力，食少无味，惊悸健忘,心脾两虚，气血不足，心神失养,君：人参、黄芪；臣：当归、熟地、白芍；佐：术、苓、桂、陈、味、远志；使：草、姜、枣,益气补血，养心安神,要点：心脾两虚、惊悸健忘
解表剂?辛温解表,麻黄汤,麻黄、桂枝、杏仁、炙甘草,水煎温服,发汗解表，宣肺平喘,外感风寒表实证：恶寒发热，无汗而喘，头痛身疼，苔薄白，脉浮紧,风寒束表，肺气失宣,君：麻黄；臣：桂枝；佐：杏仁；使：炙甘草,麻桂相须，发汗解表；麻杏相配，宣降肺气,要点：恶寒无汗而喘；表虚自汗、阴虚禁用
解表剂?辛温解表,桂枝汤,桂枝、芍药、生姜、大枣、炙甘草,水煎温服,解肌发表，调和营卫,外感风寒表虚证：头痛发热，汗出恶风，鼻鸣干呕，苔白，脉浮缓,风寒袭表，营卫不和,君：桂枝；臣：芍药；佐：生姜、大枣；使：炙甘草,桂芍等量，一散一收，调和营卫,要点：汗出恶风、脉浮缓；无汗表实、温病初起禁用
解表剂?辛温解表,九味羌活汤,羌活、防风、苍术、细辛、川芎、白芷、生地、黄芩、甘草,水煎服,发汗祛湿，兼清里热,外感风寒湿邪，内有蕴热：恶寒发热，无汗头痛，肢体酸楚，口苦微渴,风寒湿束表，里有郁热,君：羌活；臣：防风、苍术；佐：细辛、川芎、白芷、生地、黄芩；使：甘草,发汗祛湿，兼清里热，分经论治,要点：恶寒发热、肢体酸痛、口苦微渴
解表剂?辛温解表,香苏散,香附、紫苏叶、陈皮、炙甘草,水煎服,疏散风寒，理气和中,外感风寒，气郁不舒：恶寒发热，头痛无汗，胸脘痞闷，不思饮食,风寒束表，气机郁滞,君：紫苏叶；臣：香附；佐：陈皮；使：炙甘草,解表兼理气，理气以助解表,要点：恶寒发热、胸脘痞闷
解表剂?辛温解表,小青龙汤,麻黄、芍药、细辛、干姜、炙甘草、桂枝、半夏、五味子,水煎服,解表散寒，温肺化饮,外寒里饮证：恶寒发热，无汗，喘咳，痰多清稀，胸痞，或身体疼重,风寒束表，水饮内停，肺失宣降,君：麻黄、桂枝；臣：干姜、细辛；佐：半夏、五味子、芍药；使：炙甘草,解表化饮，散收并用,要点：恶寒发热、喘咳痰稀；肺热燥咳禁用
解表剂?辛凉解表,银翘散,金银花、连翘、薄荷、牛蒡子、淡豆豉、荆芥穗、淡竹叶、芦根、桔梗、甘草,水煎服,辛凉透表，清热解毒,温病初起：发热无汗，或有汗不畅，微恶风寒，头痛口渴，咳嗽咽痛,温邪袭表，肺卫失宣,君：银花、连翘；臣：薄荷、牛蒡子、豆豉、荆芥；佐：竹叶、芦根、桔梗；使：甘草,辛凉透表，清热解毒，芳香辟秽,要点：发热咽痛、微恶风；风寒感冒禁用
解表剂?辛凉解表,桑菊饮,桑叶、菊花、杏仁、连翘、薄荷、桔梗、甘草、芦根,水煎服,疏风清热，宣肺止咳,风温初起，表热轻证：咳嗽，身热不甚，口微渴，脉浮数,风热犯肺，肺失清肃,君：桑叶、菊花；臣：薄荷、杏仁、桔梗；佐：连翘、芦根；使：甘草,疏风清热，重在宣肺止咳,要点：咳嗽、微热口渴
解表剂?辛凉解表,麻杏甘石汤,麻黄、杏仁、炙甘草、石膏,水煎服,辛凉疏表，清肺平喘,外感风邪，邪热壅肺：身热不解，咳逆气急，鼻煽，口渴，有汗或无汗,风热袭肺，或风寒化热，壅遏于肺,君：麻黄、石膏；臣：杏仁；佐使：炙甘草,辛凉宣泄，清肺平喘，麻黄配石膏一清一宣,要点：身热咳喘、苔黄脉数；风寒咳喘禁用
解表剂?扶正解表,败毒散,柴胡、前胡、川芎、枳壳、羌活、独活、茯苓、桔梗、人参、甘草、生姜、薄荷,水煎服,散寒祛湿，益气解表,气虚外感风寒湿：憎寒壮热，头项强痛，肢体酸痛，无汗，鼻塞声重，咳嗽有痰,气虚之人，风寒湿邪束表,君：羌活、独活；臣：柴胡、川芎；佐：前胡、枳壳、茯苓、桔梗、人参；使：甘草、薄荷,解表祛湿，益气扶正，扶正以祛邪,要点：憎寒壮热、肢体酸痛、气虚体弱
解表剂?扶正解表,参苏饮,人参、紫苏叶、葛根、半夏、前胡、茯苓、枳壳、桔梗、木香、陈皮、甘草、姜枣,水煎服,益气解表，理气化痰,气虚外感风寒，内有痰湿：恶寒发热，无汗头痛，咳嗽痰多，胸脘满闷,气虚外感，痰湿内阻，肺气失宣,君：紫苏叶；臣：葛根、人参；佐：夏、前、苓、桔、枳、木、陈；使：草、姜枣,益气解表，理气化痰，补而不滞,要点：恶寒发热、咳嗽痰多、气虚
解表剂?扶正解表,麻黄附子细辛汤,麻黄、附子、细辛,水煎服,助阳解表,素体阳虚，外感风寒：发热，恶寒甚，神疲欲寐，脉沉微,阳虚外感，风寒束表，阳气不能外达,君：麻黄；臣：附子；佐：细辛,助阳散寒，表里双解,要点：恶寒发热、神疲脉沉；阴虚阳亢禁用
泻下剂?寒下,大承气汤,大黄、厚朴、枳实、芒硝,水煎，大黄后下,峻下热结,阳明腑实证：大便不通，脘腹痞满胀痛，高热谵语，苔黄燥起刺，脉沉实,阳明热盛，燥屎内结，腑气不通,君：大黄；臣：芒硝；佐：厚朴、枳实,峻下热结，攻积导滞，痞满燥实同治,要点：痞满燥实、苔黄脉实；孕妇、年老体虚禁用
泻下剂?寒下,小承气汤,大黄、厚朴、枳实,水煎服,轻下热结,阳明腑实轻证：谵语，潮热，大便硬，腹微满，苔黄脉滑,阳明热结，腑气不畅，燥结较轻,君：大黄；臣：厚朴、枳实,轻下热结，无芒硝，力缓,要点：腹微满、大便硬
泻下剂?寒下,调胃承气汤,大黄、芒硝、甘草,水煎服,缓下热结,阳明腑实证：蒸蒸发热，大便不通，口渴心烦，苔黄脉滑数,阳明燥热内结，腑气不和,君：大黄、芒硝；佐使：甘草,缓下热结，润燥软坚，和中护胃,要点：发热便秘、口渴心烦
泻下剂?温下,大黄附子汤,大黄、附子、细辛,水煎服,温阳散寒，通便止痛,寒积里实证：胁下偏痛，发热，手足厥冷，大便不通，脉弦紧,寒邪内积，阳气不通，腑气闭阻,君：附子；臣：大黄；佐：细辛,温下寒积，散寒通便,要点：胁腹冷痛、大便不通、肢冷；虚寒禁用
泻下剂?温下,温脾汤,大黄、当归、干姜、附子、人参、芒硝、甘草,水煎服,攻下冷积，温补脾阳,阳虚寒积证：腹痛便秘，脐下绞结，绕脐不止，手足不温，苔白脉沉弦,脾阳不足，寒积内停，腑气不通,君：附子、干姜；臣：大黄、芒硝；佐：人参、当归；使：甘草,温补脾阳，攻下冷积，温攻兼施,要点：腹痛便秘、手足不温；热结禁用
泻下剂?润下,麻子仁丸,麻子仁、芍药、枳实、大黄、厚朴、杏仁,为丸服,润肠泄热，行气通便,胃肠燥热，脾约便秘证：大便干结，小便频数，腹胀,胃肠燥热，脾津不足，肠失濡润,君：麻子仁；臣：杏仁、芍药；佐：大黄、枳实、厚朴,润肠通便，兼泄热行气,要点：大便干结、小便频数；年老血虚慎用
泻下剂?润下,济川煎,当归、牛膝、肉苁蓉、泽泻、升麻、枳壳,水煎服,温肾益精，润肠通便,肾阳虚弱，精津不足：大便秘结，小便清长，腰膝酸软，头晕目眩,肾虚精亏，肠失濡养，传导无力,君：肉苁蓉；臣：当归、牛膝；佐：枳壳、泽泻、升麻,温润通便，升清降浊,要点：便秘、腰膝酸软、小便清长；热结禁用
泻下剂?逐水,十枣汤,芫花、甘遂、大戟、大枣,为散，枣汤送服,攻逐水饮,悬饮：咳唾胸胁引痛，心下痞硬，干呕短气；水肿腹胀实证,水饮壅盛，停于胸胁，泛溢肌肤,君：甘遂；臣：大戟、芫花；佐：大枣,峻逐水饮，大枣顾护胃气,要点：胸胁引痛、水肿腹胀；体虚、孕妇禁用
泻下剂?攻补兼施,黄龙汤,大黄、芒硝、枳实、厚朴、当归、人参、甘草、桔梗、生姜、大枣,水煎服,攻下通便，补气养血,阳明腑实，气血不足：大便秘结，脘腹胀满，身热口渴，神倦少气,腑实内结，气血亏虚，邪实正虚,君：大黄、芒硝；臣：枳实、厚朴；佐：人参、当归、桔梗；使：草、姜枣,攻补兼施，攻下不伤正,要点：便秘腹胀、神倦少气；纯实证禁用
和解剂?和解少阳,小柴胡汤,柴胡、黄芩、人参、半夏、炙甘草、生姜、大枣,水煎服,和解少阳,伤寒少阳证：往来寒热，胸胁苦满，默默不欲饮食，心烦喜呕，口苦咽干目眩,邪犯少阳，胆火上炎，气机郁滞,君：柴胡；臣：黄芩；佐：半夏、人参、生姜；使：甘草、大枣,和解少阳，扶正祛邪，和胃降逆,要点：往来寒热、胸胁苦满；阴虚血少慎用
和解剂?和解少阳,大柴胡汤,柴胡、黄芩、芍药、半夏、生姜、枳实、大枣、大黄,水煎服,和解少阳，内泻热结,少阳阳明合病：往来寒热，胸胁苦满，呕不止，郁郁微烦，心下痞硬，大便秘结,少阳未解，阳明热结，腑气不通,君：柴胡、大黄；臣：黄芩、枳实；佐：芍药、半夏、生姜；使：大枣,和解少阳，通腑泻热，表里双解,要点：往来寒热、便秘呕不止；纯少阳禁用
和解剂?调和肝脾,四逆散,柴胡、芍药、枳实、炙甘草,水煎服,透邪解郁，疏肝理脾,阳郁厥逆证：手足不温，或咳，或悸，或小便不利；肝脾不和证,阳气内郁，气机不畅，肝脾不和,君：柴胡；臣：芍药；佐：枳实；使：炙甘草,疏肝理脾，透邪解郁，气血并调,要点：手足不温、胁肋胀痛
和解剂?调和肝脾,逍遥散,柴胡、当归、白芍、白术、茯苓、炙甘草、薄荷、烧生姜,水煎服,疏肝解郁，养血健脾,肝郁血虚脾弱证：两胁作痛，头痛目眩，口燥咽干，神疲食少，月经不调,肝郁气滞，血虚脾弱，气血失调,君：柴胡；臣：当归、白芍；佐：白术、茯苓、薄荷、生姜；使：炙甘草,疏肝养血，健脾和中，肝脾同治,要点：胁痛、月经不调、神疲食少
和解剂?调和肝脾,痛泻要方,白术、白芍、陈皮、防风,水煎服,补脾柔肝，祛湿止泻,脾虚肝旺之痛泻：肠鸣腹痛，大便泄泻，泻必腹痛，泻后痛缓,脾虚湿盛，肝木乘脾，运化失常,君：白术；臣：白芍；佐：陈皮、防风,补脾柔肝，祛湿止泻，防风散肝舒脾,要点：腹痛泄泻、泻后痛缓
和解剂?调和肠胃,半夏泻心汤,半夏、黄芩、干姜、人参、黄连、大枣、炙甘草,水煎服,寒热平调，消痞散结,寒热错杂之痞证：心下痞，但满而不痛，呕吐，肠鸣下利,中焦虚寒，胃有郁热，气机痞塞,君：半夏；臣：干姜、黄芩、黄连；佐：人参、大枣；使：炙甘草,辛开苦降，寒热并用，补泻兼施,要点：心下痞满、呕吐下利；食积气滞慎用
和解剂?调和肠胃,生姜泻心汤,生姜、甘草、人参、干姜、黄芩、半夏、黄连、大枣,水煎服,和胃消痞，散结利水,水热互结痞证：心下痞硬，干噫食臭，腹中雷鸣，下利,胃虚食滞，水饮内停，寒热错杂,君：生姜、半夏；臣：芩、连、干姜；佐：人参、大枣；使：甘草,重在散水饮，和胃降逆,要点：痞硬、干噫食臭、下利
和解剂?调和肠胃,甘草泻心汤,甘草、黄芩、干姜、半夏、大枣、黄连、人参,水煎服,益气和胃，消痞止利,胃气虚弱，寒热错杂：心下痞硬而满，干呕心烦，肠鸣下利频作,胃气大虚，邪热内陷，寒热错杂,君：甘草；臣：半夏、芩、连、干姜；佐：人参、大枣,重用甘草，益气补中，消痞止利,要点：痞满、干呕心烦、下利频作
和解剂?表里双解,葛根黄芩黄连汤,葛根、炙甘草、黄芩、黄连,水煎服,解表清里,协热下利：身热下利，胸脘烦热，口干作渴，喘而汗出,表证未解，邪热入里，下迫大肠,君：葛根；臣：黄芩、黄连；佐使：炙甘草,外解肌表，内清肠热，表里同治,要点：身热下利、苔黄脉数；虚寒下利禁用
和解剂?表里双解,防风通圣散,防风、荆芥、连翘、麻黄、薄荷、川芎、当归、白芍、白术、山栀、大黄、芒硝、石膏、黄芩、桔梗、甘草、滑石,为散或汤,疏风解表，泻热通便,风热壅盛，表里俱实：憎寒壮热，头目昏眩，目赤口苦，咽喉不利，便秘尿赤,风热束表，里热炽盛，三焦壅滞,君：防风、麻黄、荆芥、薄荷、大黄、芒硝；臣：石膏、黄芩、连翘、栀子；佐：归、芍、术、滑石、桔梗；使：甘草,汗、清、下并用，表里双解,要点：寒热俱重、便秘尿赤；体虚便溏禁用
清热剂?清气分热,白虎汤,石膏、知母、甘草、粳米,水煎服,清热生津,阳明气分热盛证：壮热面赤，烦渴引饮，汗出恶热，脉洪大有力,气分热盛，津液耗伤,君：石膏；臣：知母；佐：粳米、甘草；使：甘草,清热生津，辛寒清气，甘润护胃,要点：壮热、烦渴、汗出、脉洪大；表证未解、血虚发热禁用
清热剂?清气分热,竹叶石膏汤,竹叶、石膏、半夏、麦冬、人参、甘草、粳米,水煎服,清热生津，益气和胃,伤寒、温病、暑病余热未清，气阴两伤证：身热多汗，心胸烦闷，气逆欲呕，口干喜饮,余热未清，气阴两伤，胃失和降,君：石膏、竹叶；臣：麦冬、人参；佐：半夏、粳米；使：甘草,清热兼益气养阴，和胃降逆,要点：身热多汗、气逆欲呕、口干；阳虚发热禁用
清热剂?清营凉血,清营汤,犀角（水牛角代）、生地、元参、竹叶心、麦冬、丹参、黄连、银花、连翘,水煎服,清营解毒，透热养阴,热入营分证：身热夜甚，神烦少寐，时有谵语，斑疹隐隐，舌绛而干，脉细数,热邪入营，耗伤营阴，扰及心神,君：水牛角；臣：生地、玄参、麦冬；佐：黄连、银花、连翘、竹叶、丹参,清营透热，养阴活血，透热转气,要点：身热夜甚、斑疹隐隐、舌绛；湿温痰热慎用
清热剂?清营凉血,犀角地黄汤,犀角（水牛角代）、生地、芍药、丹皮,水煎服,清热解毒，凉血散瘀,热入血分证：身热谵语，斑色紫黑，吐血衄血，便血，尿血,热入血分，迫血妄行，瘀热互结,君：水牛角；臣：生地；佐：芍药、丹皮,凉血兼散瘀，止血不留瘀,要点：出血、斑色紫黑、舌绛；阳虚失血禁用
清热剂?清热解毒,黄连解毒汤,黄连、黄芩、黄柏、栀子,水煎服,泻火解毒,三焦火毒证：大热烦躁，口燥咽干，错语不眠；热病吐血衄血；湿热黄疸；外科痈疡疔毒,火毒充斥三焦，气血两燔,君：黄连；臣：黄芩、黄柏；佐：栀子,苦寒直折，泻火解毒，上下同治,要点：大热烦躁、口燥咽干、舌红苔黄；阴虚火旺慎用
清热剂?清热解毒,普济消毒饮,黄芩、黄连、陈皮、甘草、玄参、柴胡、桔梗、连翘、板蓝根、马勃、牛蒡子、薄荷、僵蚕、升麻,水煎服,清热解毒，疏风散邪,大头瘟：恶寒发热，头面红肿焮痛，目不能开，咽喉不利,风热疫毒，上攻头面，壅滞经络,君：黄芩、黄连；臣：连翘、牛蒡子、薄荷、僵蚕；佐：玄参、马勃、板蓝根、桔梗、柴胡、升麻、陈皮；使：甘草,清热解毒，疏风散邪，升阳散火,要点：头面红肿焮痛、恶寒发热；阴虚火炎慎用
清热剂?清热解毒,凉膈散,大黄、朴硝、甘草、山栀、薄荷、黄芩、连翘,水煎服,泻火通便，清上泄下,上中二焦邪郁生热证：面赤唇焦，胸膈烦热，口舌生疮，便秘溲赤,热聚胸膈，腑气不通，上焦热盛,君：连翘；臣：黄芩、薄荷、栀子；佐：大黄、朴硝；使：甘草,以泻代清，清上泄下，泻火通便,要点：胸膈烦热、便秘溲赤；脾胃虚寒慎用
清热剂?清热解毒,仙方活命饮,金银花、当归尾、赤芍、乳香、没药、陈皮、防风、白芷、贝母、天花粉、穿山甲、皂角刺、甘草,水煎服,清热解毒，消肿溃坚，活血止痛,阳证痈疡肿毒初起：红肿焮痛，身热凛寒，苔薄白或黄，脉数有力,热毒壅聚，气滞血瘀痰凝,君：金银花；臣：归尾、赤芍、乳香、没药；佐：防风、白芷、陈皮、贝母、花粉、山甲、皂刺；使：甘草,清热解毒，活血消肿，溃坚排脓,要点：红肿焮痛、阳证初起；阴疽忌用
清热剂?清脏腑热,导赤散,生地黄、木通、生甘草梢、竹叶,水煎服,清心利水养阴,心经火热证：心胸烦热，口渴面赤，口舌生疮；心热移于小肠，小便赤涩刺痛,心经热盛，下移小肠，水液不利,君：生地；臣：木通；佐：竹叶；使：甘草梢,清心利水，养阴不伤正,要点：口舌生疮、小便赤涩；阴虚火旺慎用
清热剂?清脏腑热,龙胆泻肝汤,龙胆草、黄芩、栀子、泽泻、木通、车前子、当归、生地、柴胡、甘草,水煎服,清泻肝胆实火，清利肝经湿热,肝胆实火上炎证：头痛目赤，胁痛口苦，耳聋耳肿；肝经湿热下注证：阴肿阴痒，小便淋浊，带下黄臭,肝胆火盛，湿热下注,君：龙胆草；臣：黄芩、栀子；佐：泽泻、木通、车前子、当归、生地、柴胡；使：甘草,泻肝火，利湿热，养阴血，疏肝气,要点：胁痛口苦、带下黄臭；脾胃虚寒慎用
清热剂?清脏腑热,左金丸,黄连、吴茱萸（6:1）,为丸服,清肝泻火，降逆止呕,肝火犯胃证：胁肋疼痛，嘈杂吞酸，呕吐口苦，舌红苔黄，脉弦数,肝郁化火，横逆犯胃，胃失和降,君：黄连；臣：吴茱萸,辛开苦降，清肝和胃，寒热并用,要点：吞酸呕吐、胁痛口苦；胃寒呕吐禁用
清热剂?清脏腑热,泻白散,地骨皮、桑白皮、甘草、粳米,水煎服,清泻肺热，平喘止咳,肺热喘咳证：气喘咳嗽，皮肤蒸热，日晡尤甚，舌红苔黄，脉细数,肺有伏火郁热，肺失清肃,君：桑白皮；臣：地骨皮；佐：粳米、甘草；使：甘草,清泻肺热，养胃和中，清润不寒,要点：气喘咳嗽、皮肤蒸热；风寒喘咳禁用
清热剂?清脏腑热,苇茎汤,苇茎、薏苡仁、瓜瓣、桃仁,水煎服,清肺化痰，逐瘀排脓,肺痈，热毒壅滞，痰瘀互结证：身有微热，咳嗽痰多，甚则咳吐腥臭脓血，胸中隐隐作痛,热毒痰瘀，壅滞于肺，蓄结成痈,君：苇茎；臣：薏苡仁、瓜瓣；佐：桃仁,清肺化痰，逐瘀排脓，滑利通窍,要点：咳吐腥臭脓血、胸中隐痛
清热剂?清脏腑热,清胃散,生地、当归、丹皮、黄连、升麻,水煎服,清胃凉血,胃火牙痛：牙痛牵引头痛，面颊发热，牙龈红肿溃烂，口气热臭，口干舌燥,胃有积热，循经上攻，伤及血分,君：黄连；臣：升麻；佐：生地、丹皮、当归,清胃凉血，升散郁火,要点：牙痛口臭、牙龈红肿；肾虚牙痛慎用
清热剂?清脏腑热,玉女煎,石膏、熟地、麦冬、知母、牛膝,水煎服,清胃热，滋肾阴,胃热阴虚证：头痛，牙痛，齿松牙衄，烦热干渴，舌红苔黄而干,胃热阴虚，虚火上炎,君：石膏；臣：熟地、知母、麦冬；佐：牛膝,清胃滋肾，水火并调，引火下行,要点：牙痛齿松、烦热干渴；脾胃虚寒慎用
清热剂?清脏腑热,芍药汤,芍药、当归、黄连、槟榔、木香、甘草、大黄、黄芩、官桂,水煎服,清热燥湿，调气和血,湿热痢疾：腹痛，便脓血，赤白相兼，里急后重，肛门灼热，小便短赤,湿热壅滞肠中，气血瘀滞,君：芍药；臣：黄连、黄芩；佐：当归、木香、槟榔、大黄、官桂；使：甘草,清热燥湿，调气和血，通因通用,要点：便脓血、里急后重；寒湿痢疾禁用
清热剂?清脏腑热,白头翁汤,白头翁、黄柏、黄连、秦皮,水煎服,清热解毒，凉血止痢,热毒痢疾：腹痛，里急后重，肛门灼热，下痢脓血，赤多白少，渴欲饮水,热毒深陷血分，壅滞大肠,君：白头翁；臣：黄连、黄柏；佐：秦皮,清热解毒，凉血止痢，专清血分热毒,要点：下痢赤多白少、里急后重；虚寒痢疾禁用
清热剂?清虚热,青蒿鳖甲汤,青蒿、鳖甲、生地、知母、丹皮,水煎服,养阴透热,温病后期，邪伏阴分证：夜热早凉，热退无汗，舌红少苔，脉细数,温病后期，余热未清，阴液耗伤,君：鳖甲、青蒿；臣：生地、知母；佐：丹皮,养阴透热，入阴搜邪，透热外出,要点：夜热早凉、舌红少苔；阴虚风动慎用
清热剂?清虚热,清骨散,银柴胡、胡黄连、秦艽、鳖甲、地骨皮、青蒿、知母、甘草,水煎服,清虚热，退骨蒸,肝肾阴虚，虚火内扰证：骨蒸潮热，或低热日久不退，形体消瘦，困倦盗汗,肝肾阴虚，虚火内炽，骨蒸劳热,君：银柴胡、胡黄连；臣：地骨皮、知母、青蒿；佐：秦艽、鳖甲；使：甘草,清虚热，退骨蒸，养阴透热,要点：骨蒸潮热、盗汗；实热禁用
清热剂?清虚热,当归六黄汤,当归、生地黄、熟地黄、黄芩、黄柏、黄连、黄芪,水煎服,滋阴泻火，固表止汗,阴虚火旺盗汗：发热盗汗，面赤心烦，口干唇燥，大便干结，小便黄赤,阴虚火旺，迫津外泄，卫气不固,君：当归、生地、熟地；臣：黄芩、黄连、黄柏；佐：黄芪,滋阴降火，固表止汗，补泻兼施,要点：盗汗、面赤心烦；气虚盗汗慎用
祛暑剂,香薷散,香薷、白扁豆、厚朴,水煎服,祛暑解表，化湿和中,阴暑：恶寒发热，头重身痛，无汗，腹痛吐泻，胸脘痞闷,夏感风寒，内伤湿滞，暑湿困脾,君：香薷；臣：厚朴；佐：白扁豆,祛暑解表，化湿和中，散寒除湿,要点：恶寒无汗、腹痛吐泻；阳暑禁用
祛暑剂,新加香薷饮,香薷、银花、鲜扁豆花、厚朴、连翘,水煎服,祛暑解表，清热化湿,暑温夹湿，复感于寒：发热头痛，恶寒无汗，口渴面赤，胸闷不舒,暑湿内蕴，寒邪束表，热重于湿,君：香薷；臣：银花、连翘、扁豆花；佐：厚朴,祛暑解表，清热化湿，偏于清热,要点：发热口渴、恶寒无汗；寒湿禁用
祛暑剂,六一散,滑石、甘草（6:1）,水煎服,清暑利湿,暑湿证：身热烦渴，小便不利，或泄泻,暑湿内阻，膀胱气化不利,君：滑石；臣：甘草,清暑利湿，甘寒生津，滑利小便,要点：身热烦渴、小便不利；阴虚小便不利慎用
祛暑剂,桂苓甘露饮,茯苓、甘草、白术、泽泻、官桂、石膏、寒水石、滑石、猪苓,水煎服,清暑解热，化气利湿,暑湿证：发热头痛，烦渴引饮，小便不利，霍乱吐下,暑热湿盛，水湿内停，气化失司,君：滑石、石膏、寒水石；臣：猪苓、茯苓、泽泻；佐：白术、官桂；使：甘草,清暑利湿，化气行水，寒热并用,要点：发热烦渴、小便不利；脾胃虚寒慎用
祛暑剂,清暑益气汤,西洋参、石斛、麦冬、黄连、竹叶、荷梗、知母、甘草、粳米、西瓜翠衣,水煎服,清暑益气，养阴生津,暑热气津两伤证：身热汗多，口渴心烦，小便短赤，体倦少气，精神不振,暑热耗气伤津，气阴两虚,君：西瓜翠衣、西洋参；臣：石斛、麦冬、知母；佐：黄连、竹叶、荷梗、粳米；使：甘草,清暑益气，养阴生津，清补并用,要点：汗多口渴、体倦少气；夹湿者慎用
祛痰剂?润燥化痰,贝母瓜蒌散,贝母、瓜蒌、天花粉、茯苓、橘红、桔梗,水煎服,润肺清热，理气化痰,燥痰咳嗽：咳嗽呛急，咯痰不爽，涩而难出，咽喉干燥哽痛,肺燥有痰，肺失清润，气机不利,君：贝母、瓜蒌；臣：天花粉；佐：茯苓、橘红、桔梗,润肺化痰，理气开结，清润不滞,要点：干咳痰黏、咽干；湿痰咳嗽禁用
祛痰剂?温化寒痰,苓甘五味姜辛汤,茯苓、甘草、干姜、细辛、五味子,水煎服,温肺化饮,寒饮咳嗽：咳痰量多，清稀色白，胸膈不快，舌苔白滑，脉弦滑,寒饮停肺，肺失宣降,君：干姜、细辛；臣：茯苓；佐：五味子；使：甘草,温肺化饮，散收并用，温散不伤正,要点：痰稀色白、苔白滑；热痰咳嗽禁用
祛痰剂?化痰息风,半夏白术天麻汤,半夏、天麻、茯苓、橘红、白术、甘草、生姜、大枣,水煎服,化痰息风，健脾祛湿,风痰上扰证：眩晕头痛，胸膈痞闷，恶心呕吐，舌苔白腻，脉弦滑,脾湿生痰，肝风内动，风痰上扰清空,君：半夏、天麻；臣：白术、茯苓；佐：橘红；使：甘草、姜枣,化痰息风，健脾祛湿，标本兼顾,要点：眩晕头痛、苔白腻；肝阳上亢眩晕慎用
消食剂?消食化滞,保和丸,山楂、神曲、半夏、茯苓、陈皮、连翘、莱菔子,为丸服,消食和胃,食滞胃脘证：脘腹痞满胀痛，嗳腐吞酸，恶食呕逆，或大便泄泻,饮食不节，食积内停，气机阻滞,君：山楂；臣：神曲、莱菔子；佐：半夏、茯苓、陈皮、连翘,消食和胃，清热祛湿，消食不伤胃,要点：脘腹胀满、嗳腐吞酸
消食剂?健脾消食,健脾丸,白术、木香、黄连、甘草、白茯苓、人参、神曲、陈皮、砂仁、麦芽、山楂、山药、肉豆蔻,为丸服,健脾和胃，消食止泻,脾虚食积证：食少难消，脘腹痞闷，大便溏薄，倦怠乏力，苔腻微黄,脾胃虚弱，食积内停，运化失常,君：人参、白术、茯苓；臣：山楂、神曲、麦芽；佐：木香、砂仁、陈皮、山药、肉蔻、黄连；使：甘草,健脾消食，清热祛湿，补消兼施,要点：食少难消、大便溏薄
驱虫剂,乌梅丸,乌梅、细辛、干姜、黄连、当归、附子、蜀椒、桂枝、人参、黄柏,为丸服,温脏安蛔,蛔厥证：腹痛时作，手足厥冷，烦闷呕吐，时发时止，得食即呕，常自吐蛔,上热下寒，蛔虫内扰，气机逆乱,君：乌梅；臣：蜀椒、细辛；佐：附子、干姜、桂枝、黄连、黄柏、人参、当归,温脏安蛔，清上温下，酸苦辛并用,要点：腹痛吐蛔、手足厥冷；湿热蛔厥慎用
痈疡剂,阳和汤,熟地、麻黄、鹿角胶、白芥子、肉桂、生甘草、炮姜炭,水煎服,温阳补血，散寒通滞,阴疽：漫肿无头，皮色不变，酸痛无热，口中不渴，舌淡苔白，脉沉细或迟细,阳虚血弱，寒凝痰滞，痹阻经络,君：熟地、鹿角胶；臣：肉桂、炮姜炭；佐：麻黄、白芥子；使：甘草,温阳补血，散寒通滞，温补不壅滞,要点：阴疽漫肿、皮色不变；阳证痈疡禁用
